id,content
eee5e54d-c169-3ced-a8f4-447b320fc674,"{'id': 'eee5e54d-c169-3ced-a8f4-447b320fc674', 'contentType': 'STORY', 'title': 'International Students Taking Brunt of Canada Immigration Cap; Scotiabank Sees Economic Headwinds', 'description': '', 'summary': ""Canada's recent immigration limits are hitting the international student population especially hard,"", 'pubDate': '2026-06-18T16:06:12Z', 'displayTime': '2026-06-18T16:06:12Z', 'isHosted': True, 'bypassModal': False, 'previewUrl': None, 'thumbnail': None, 'provider': {'displayName': 'MT Newswires', 'url': 'https://www.mtnewswires.com/', 'sourceId': 'mt_newswires_premium_news_706'}, 'canonicalUrl': {'url': 'https://finance.yahoo.com/economy/articles/international-students-taking-brunt-canada-160612780.html', 'site': 'finance', 'region': 'US', 'lang': 'en-US'}, 'clickThroughUrl': {'url': 'https://finance.yahoo.com/economy/articles/international-students-taking-brunt-canada-160612780.html', 'site': 'finance', 'region': 'US', 'lang': 'en-US'}, 'metadata': {'editorsPick': False}, 'finance': {'premiumFinance': {'isPremiumNews': True, 'isPremiumFreeNews': False}}, 'storyline': None}"
c8b3b502-2fb4-3d53-95dd-964c69eb4cb4,"{'id': 'c8b3b502-2fb4-3d53-95dd-964c69eb4cb4', 'contentType': 'STORY', 'title': ""Scotiabank Asks If A Recovery Is in Sight After Canada's Existing Home Sales Rise in May"", 'description': '', 'summary': 'After having declined by nearly 11% seasonally adjusted (SA) from November 2025 to March 2026, Canad', 'pubDate': '2026-06-17T11:24:27Z', 'displayTime': '2026-06-17T11:24:27Z', 'isHosted': True, 'bypassModal': False, 'previewUrl': None, 'thumbnail': None, 'provider': {'displayName': 'MT Newswires', 'url': 'https://www.mtnewswires.com/', 'sourceId': 'mt_newswires_premium_news_706'}, 'canonicalUrl': {'url': 'https://finance.yahoo.com/real-estate/articles/scotiabank-asks-recovery-sight-canada-112427460.html', 'site': 'finance', 'region': 'US', 'lang': 'en-US'}, 'clickThroughUrl': {'url': 'https://finance.yahoo.com/real-estate/articles/scotiabank-asks-recovery-sight-canada-112427460.html', 'site': 'finance', 'region': 'US', 'lang': 'en-US'}, 'metadata': {'editorsPick': False}, 'finance': {'premiumFinance': {'isPremiumNews': True, 'isPremiumFreeNews': False}}, 'storyline': None}"
6fd289fa-d735-333a-9a62-bbad2ac2425c,"{'id': '6fd289fa-d735-333a-9a62-bbad2ac2425c', 'contentType': 'STORY', 'title': 'Canada Wholesale Sales Rise More Than Expected In April', 'description': '', 'summary': 'Wholesale sales (excluding petroleum, petroleum products, and other hydrocarbons and excluding oilse', 'pubDate': '2026-06-15T12:39:52Z', 'displayTime': '2026-06-15T12:39:52Z', 'isHosted': True, 'bypassModal': False, 'previewUrl': None, 'thumbnail': None, 'provider': {'displayName': 'MT Newswires', 'url': 'https://www.mtnewswires.com/', 'sourceId': 'mt_newswires_premium_news_706'}, 'canonicalUrl': {'url': 'https://finance.yahoo.com/economy/articles/canada-wholesale-sales-rise-more-123952266.html', 'site': 'finance', 'region': 'US', 'lang': 'en-US'}, 'clickThroughUrl': {'url': 'https://finance.yahoo.com/economy/articles/canada-wholesale-sales-rise-more-123952266.html', 'site': 'finance', 'region': 'US', 'lang': 'en-US'}, 'metadata': {'editorsPick': False}, 'finance': {'premiumFinance': {'isPremiumNews': True, 'isPremiumFreeNews': False}}, 'storyline': None}"
143761b9-95a7-3c78-95e3-b3085e57be1d,"{'id': '143761b9-95a7-3c78-95e3-b3085e57be1d', 'contentType': 'STORY', 'title': 'Bank Of Nova Scotia (TSX:BNS) Stock Valuation After Recent Share Price Strength', 'description': '', 'summary': 'Recent share performance snapshot Bank of Nova Scotia (TSX:BNS) has drawn attention after a recent share price move, with the stock up 1.9% on the day, 4.5% over the past week, and 12.0% over the past month. See our latest analysis for Bank of Nova Scotia. For context, Bank of Nova Scotia’s recent momentum builds on a stronger backdrop, with a 90 day share price return of 24.42% and a 1 year total shareholder return of 67.14%. This signals that both recent trading and longer term investor...', 'pubDate': '2026-06-13T13:08:54Z', 'displayTime': '2026-06-13T13:08:54Z', 'isHosted': True, 'bypassModal': False, 'previewUrl': None, 'thumbnail': {'originalUrl': 'https://media.zenfs.com/en/simply_wall_st__316/b7de513ba76002684dc120e5775b4c18', 'originalWidth': 1194, 'originalHeight': 432, 'caption': '', 'resolutions': [{'url': 'https://s.yimg.com/uu/api/res/1.2/4iWZMRsGej34Tauwdlpn4w--~B/aD00MzI7dz0xMTk0O2FwcGlkPXl0YWNoeW9u/https://media.zenfs.com/en/simply_wall_st__316/b7de513ba76002684dc120e5775b4c18', 'width': 1194, 'height': 432, 'tag': 'original'}, {'url': 'https://s.yimg.com/uu/api/res/1.2/xVwQJnp2eVP_.F5RvLqMzQ--~B/Zmk9c3RyaW07aD0xMjg7dz0xNzA7YXBwaWQ9eXRhY2h5b24-/https://media.zenfs.com/en/simply_wall_st__316/b7de513ba76002684dc120e5775b4c18', 'width': 170, 'height': 128, 'tag': '170x128'}]}, 'provider': {'displayName': 'Simply Wall St.', 'url': 'https://simplywall.st/', 'sourceId': 'simply_wall_st__316'}, 'canonicalUrl': {'url': 'https://finance.yahoo.com/markets/stocks/articles/bank-nova-scotia-tsx-bns-130854706.html', 'site': 'finance', 'region': 'US', 'lang': 'en-US'}, 'clickThroughUrl': {'url': 'https://finance.yahoo.com/markets/stocks/articles/bank-nova-scotia-tsx-bns-130854706.html', 'site': 'finance', 'region': 'US', 'lang': 'en-US'}, 'metadata': {'editorsPick': False}, 'finance': {'premiumFinance': {'isPremiumNews': False, 'isPremiumFreeNews': False}}, 'storyline': None}"
f27981ea-1161-3f61-9cf1-6bf592416191,"{'id': 'f27981ea-1161-3f61-9cf1-6bf592416191', 'contentType': 'STORY', 'title': 'Scotiabank Plans to Fully Buy Scotia Group Jamaica Ltd. For C$500 Million', 'description': '', 'summary': 'Scotiabank (BNS.TO, BNS) on Friday said it plans to buy out the minority shareholders of Scotia Grou', 'pubDate': '2026-06-12T17:22:51Z', 'displayTime': '2026-06-12T17:22:51Z', 'isHosted': True, 'bypassModal': False, 'previewUrl': None, 'thumbnail': None, 'provider': {'displayName': 'MT Newswires', 'url': 'https://www.mtnewswires.com/', 'sourceId': 'mt_newswires_premium_news_706'}, 'canonicalUrl': {'url': 'https://finance.yahoo.com/markets/stocks/articles/scotiabank-plans-fully-buy-scotia-172251718.html', 'site': 'finance', 'region': 'US', 'lang': 'en-US'}, 'clickThroughUrl': {'url': 'https://finance.yahoo.com/markets/stocks/articles/scotiabank-plans-fully-buy-scotia-172251718.html', 'site': 'finance', 'region': 'US', 'lang': 'en-US'}, 'metadata': {'editorsPick': False}, 'finance': {'premiumFinance': {'isPremiumNews': True, 'isPremiumFreeNews': False}}, 'storyline': None}"
5f3c67f3-aa15-35ee-a639-5e6f48d0e5a6,"{'id': '5f3c67f3-aa15-35ee-a639-5e6f48d0e5a6', 'contentType': 'STORY', 'title': ""News of the day: Bank of Canada holds rate, economists' reactions, Scotiabank accelerates AI use, remote-work court decision, pandemic-era investments and more"", 'description': '', 'summary': 'Catch up on the stories we’re following today', 'pubDate': '2026-06-10T21:32:44Z', 'displayTime': '2026-06-10T21:32:44Z', 'isHosted': True, 'bypassModal': False, 'previewUrl': None, 'thumbnail': {'originalUrl': 'https://media.zenfs.com/en/financial_post_articles_610/07e21c7652733f6037e274fcbd4e4911', 'originalWidth': 1280, 'originalHeight': 960, 'caption': 'bank-of-canada-0610-ph', 'resolutions': [{'url': 'https://s.yimg.com/uu/api/res/1.2/U8RH9haIHt3iKshF9ucn6A--~B/aD05NjA7dz0xMjgwO2FwcGlkPXl0YWNoeW9u/https://media.zenfs.com/en/financial_post_articles_610/07e21c7652733f6037e274fcbd4e4911', 'width': 1280, 'height': 960, 'tag': 'original'}, {'url': 'https://s.yimg.com/uu/api/res/1.2/bz2_ux8cEmHDBhefMGmfZw--~B/Zmk9c3RyaW07aD0xMjg7dz0xNzA7YXBwaWQ9eXRhY2h5b24-/https://media.zenfs.com/en/financial_post_articles_610/07e21c7652733f6037e274fcbd4e4911', 'width': 170, 'height': 128, 'tag': '170x128'}]}, 'provider': {'displayName': 'Financial Post', 'url': 'https://financialpost.com/', 'sourceId': 'financial_post_articles_610'}, 'canonicalUrl': {'url': 'https://financialpost.com/uncategorized/news-of-the-day-bank-of-canada-holds-rate-economists-reactions-scotiabank-accelerates-ai-use-remote-work-court-decision-pandemic-era-investments-and-more', 'site': 'finance', 'region': 'CA', 'lang': 'en-CA'}, 'clickThroughUrl': {'url': 'https://finance.yahoo.com/news/news-day-bank-canada-holds-213244457.html', 'site': 'finance', 'region': 'US', 'lang': 'en-US'}, 'metadata': {'editorsPick': False}, 'finance': {'premiumFinance': {'isPremiumNews': False, 'isPremiumFreeNews': False}}, 'storyline': None}"
71889edd-aee1-363e-8d54-2c9b2b712244,"{'id': '71889edd-aee1-363e-8d54-2c9b2b712244', 'contentType': 'STORY', 'title': 'How Investors Are Reacting To Bank of Nova Scotia (TSX:BNS) Earnings Strength And Callable Debt Moves', 'description': '', 'summary': 'In recent weeks, Bank of Nova Scotia reported year‑on‑year growth in second‑quarter net interest income to C$5,521 million and net income to C$2,595 million, while also calling and redeeming in full a US$50,000,000 callable fixed‑coupon note issue for a total cash amount of US$52,725,000 and completing a €5 million zero‑coupon, callable bond offering due May 29, 2056. Taken together, the stronger earnings, active management of callable debt, and new long‑dated funding underline how the bank...', 'pubDate': '2026-06-10T10:10:08Z', 'displayTime': '2026-06-10T10:10:08Z', 'isHosted': True, 'bypassModal': False, 'previewUrl': None, 'thumbnail': {'originalUrl': 'https://media.zenfs.com/en/simply_wall_st__316/b7de513ba76002684dc120e5775b4c18', 'originalWidth': 1194, 'originalHeight': 432, 'caption': '', 'resolutions': [{'url': 'https://s.yimg.com/uu/api/res/1.2/4iWZMRsGej34Tauwdlpn4w--~B/aD00MzI7dz0xMTk0O2FwcGlkPXl0YWNoeW9u/https://media.zenfs.com/en/simply_wall_st__316/b7de513ba76002684dc120e5775b4c18', 'width': 1194, 'height': 432, 'tag': 'original'}, {'url': 'https://s.yimg.com/uu/api/res/1.2/xVwQJnp2eVP_.F5RvLqMzQ--~B/Zmk9c3RyaW07aD0xMjg7dz0xNzA7YXBwaWQ9eXRhY2h5b24-/https://media.zenfs.com/en/simply_wall_st__316/b7de513ba76002684dc120e5775b4c18', 'width': 170, 'height': 128, 'tag': '170x128'}]}, 'provider': {'displayName': 'Simply Wall St.', 'url': 'https://simplywall.st/', 'sourceId': 'simply_wall_st__316'}, 'canonicalUrl': {'url': 'https://finance.yahoo.com/markets/stocks/articles/investors-reacting-bank-nova-scotia-101008999.html', 'site': 'finance', 'region': 'US', 'lang': 'en-US'}, 'clickThroughUrl': {'url': 'https://finance.yahoo.com/markets/stocks/articles/investors-reacting-bank-nova-scotia-101008999.html', 'site': 'finance', 'region': 'US', 'lang': 'en-US'}, 'metadata': {'editorsPick': False}, 'finance': {'premiumFinance': {'isPremiumNews': False, 'isPremiumFreeNews': False}}, 'storyline': None}"
02eecbe3-ed5f-3dae-80eb-5a2ce2931c5e,"{'id': '02eecbe3-ed5f-3dae-80eb-5a2ce2931c5e', 'contentType': 'STORY', 'title': 'Essex Property Trust (ESS) – Among the 10 Most Profitable Dividend Stocks to Invest In Now', 'description': '', 'summary': 'With a net profit margin of 31.57%, Essex Property Trust, Inc. (NYSE:ESS) is included among the 10 Most Profitable Dividend Stocks to Invest In Now. On June 8, Evercore ISI raised its price recommendation on Essex Property Trust, Inc. (NYSE:ESS) to $296 from $295. It reiterated an Outperform rating on the shares. The firm said it […]', 'pubDate': '2026-06-09T04:07:12Z', 'displayTime': '2026-06-09T04:07:12Z', 'isHosted': True, 'bypassModal': False, 'previewUrl': None, 'thumbnail': {'originalUrl': 'https://media.zenfs.com/en/insidermonkey.com/cbda51c3570c1a969a4e88ded9396375', 'originalWidth': 1456, 'originalHeight': 816, 'caption': 'Essex Property Trust (ESS) - Among the 10 Most Profitable Dividend Stocks to Invest In Now', 'resolutions': [{'url': 'https://s.yimg.com/uu/api/res/1.2/Xb2T.lJFPmp1m1bXo37fRA--~B/aD04MTY7dz0xNDU2O2FwcGlkPXl0YWNoeW9u/https://media.zenfs.com/en/insidermonkey.com/cbda51c3570c1a969a4e88ded9396375', 'width': 1456, 'height': 816, 'tag': 'original'}, {'url': 'https://s.yimg.com/uu/api/res/1.2/ZYSCjHwts.zYsXfhm0eqZQ--~B/Zmk9c3RyaW07aD0xMjg7dz0xNzA7YXBwaWQ9eXRhY2h5b24-/https://media.zenfs.com/en/insidermonkey.com/cbda51c3570c1a969a4e88ded9396375', 'width': 170, 'height': 128, 'tag': '170x128'}]}, 'provider': {'displayName': 'Insider Monkey', 'url': 'http://www.insidermonkey.com', 'sourceId': 'insidermonkey.com'}, 'canonicalUrl': {'url': 'https://finance.yahoo.com/markets/stocks/articles/essex-property-trust-ess-among-040712581.html', 'site': 'finance', 'region': 'US', 'lang': 'en-US'}, 'clickThroughUrl': {'url': 'https://finance.yahoo.com/markets/stocks/articles/essex-property-trust-ess-among-040712581.html', 'site': 'finance', 'region': 'US', 'lang': 'en-US'}, 'metadata': {'editorsPick': False}, 'finance': {'premiumFinance': {'isPremiumNews': False, 'isPremiumFreeNews': False}}, 'storyline': None}"
391e2b27-5c11-34ea-9f7e-7e676c6211d8,"{'id': '391e2b27-5c11-34ea-9f7e-7e676c6211d8', 'contentType': 'STORY', 'title': 'Bank of Nova Scotia (BNS) is a Top Dividend Stock Right Now: Should You Buy?', 'description': '', 'summary': ""Dividends are one of the best benefits to being a shareholder, but finding a great dividend stock is no easy task. Does Bank of Nova Scotia (BNS) have what it takes? Let's find out."", 'pubDate': '2026-06-08T15:45:03Z', 'displayTime': '2026-06-08T15:45:03Z', 'isHosted': True, 'bypassModal': False, 'previewUrl': None, 'thumbnail': {'originalUrl': 'https://media.zenfs.com/en/zacks.com/3cb5117fc22f5e37890d1860dcd61f9f', 'originalWidth': 900, 'originalHeight': 675, 'caption': '', 'resolutions': [{'url': 'https://s.yimg.com/uu/api/res/1.2/xopQugjeNyS1VO21qlHkcQ--~B/aD02NzU7dz05MDA7YXBwaWQ9eXRhY2h5b24-/https://media.zenfs.com/en/zacks.com/3cb5117fc22f5e37890d1860dcd61f9f', 'width': 900, 'height': 675, 'tag': 'original'}, {'url': 'https://s.yimg.com/uu/api/res/1.2/k6uDefeIp9u1zRe.lKA2TQ--~B/Zmk9c3RyaW07aD0xMjg7dz0xNzA7YXBwaWQ9eXRhY2h5b24-/https://media.zenfs.com/en/zacks.com/3cb5117fc22f5e37890d1860dcd61f9f', 'width': 170, 'height': 128, 'tag': '170x128'}]}, 'provider': {'displayName': 'Zacks', 'url': 'http://www.zacks.com/', 'sourceId': 'zacks.com'}, 'canonicalUrl': {'url': 'https://finance.yahoo.com/markets/stocks/articles/bank-nova-scotia-bns-top-154503039.html', 'site': 'finance', 'region': 'US', 'lang': 'en-US'}, 'clickThroughUrl': {'url': 'https://finance.yahoo.com/markets/stocks/articles/bank-nova-scotia-bns-top-154503039.html', 'site': 'finance', 'region': 'US', 'lang': 'en-US'}, 'metadata': {'editorsPick': False}, 'finance': {'premiumFinance': {'isPremiumNews': False, 'isPremiumFreeNews': False}}, 'storyline': None}"
bbffeaaa-ed51-3932-b3a1-5f7b8794728e,"{'id': 'bbffeaaa-ed51-3932-b3a1-5f7b8794728e', 'contentType': 'STORY', 'title': 'Markets Hit by The Escalating Conflict in The Middle East, Says Scotiabank', 'description': '', 'summary': 'A risk-off tone is marking the start of a fresh week, said Scotiabank. Oil is up by about US$4/b', 'pubDate': '2026-06-08T12:20:58Z', 'displayTime': '2026-06-08T12:20:58Z', 'isHosted': True, 'bypassModal': False, 'previewUrl': None, 'thumbnail': None, 'provider': {'displayName': 'MT Newswires', 'url': 'https://www.mtnewswires.com/', 'sourceId': 'mt_newswires_premium_news_706'}, 'canonicalUrl': {'url': 'https://finance.yahoo.com/markets/articles/markets-hit-escalating-conflict-middle-122058855.html', 'site': 'finance', 'region': 'US', 'lang': 'en-US'}, 'clickThroughUrl': {'url': 'https://finance.yahoo.com/markets/articles/markets-hit-escalating-conflict-middle-122058855.html', 'site': 'finance', 'region': 'US', 'lang': 'en-US'}, 'metadata': {'editorsPick': False}, 'finance': {'premiumFinance': {'isPremiumNews': True, 'isPremiumFreeNews': False}}, 'storyline': None}"
c44b77f9-8f27-30fc-a93a-9d0e76bb1e71,"{'id': 'c44b77f9-8f27-30fc-a93a-9d0e76bb1e71', 'contentType': 'STORY', 'title': 'Canada’s Bank Regulator Cuts Capital Buffer for Big Banks to Spur Lending', 'description': '', 'summary': 'The move aims to boost lending as the government seeks to lure investment to kick-start the economy.', 'pubDate': '2026-06-19T14:40:00Z', 'displayTime': '2026-06-19T14:40:00Z', 'isHosted': False, 'bypassModal': False, 'previewUrl': 'https://finance.yahoo.com/m/c44b77f9-8f27-30fc-a93a-9d0e76bb1e71/canada%E2%80%99s-bank-regulator-cuts.html', 'thumbnail': {'originalUrl': 'https://media.zenfs.com/en/wsj.com/4c7ed50066e4a12ccd5c94912e5c08ca', 'originalWidth': 1280, 'originalHeight': 640, 'caption': '', 'resolutions': [{'url': 'https://s.yimg.com/uu/api/res/1.2/Ax71Ht2PkHTeVDfuYuqgJg--~B/aD02NDA7dz0xMjgwO2FwcGlkPXl0YWNoeW9u/https://media.zenfs.com/en/wsj.com/4c7ed50066e4a12ccd5c94912e5c08ca', 'width': 1280, 'height': 640, 'tag': 'original'}, {'url': 'https://s.yimg.com/uu/api/res/1.2/lJFREE8RKWu1dILpyaRcdQ--~B/Zmk9c3RyaW07aD0xMjg7dz0xNzA7YXBwaWQ9eXRhY2h5b24-/https://media.zenfs.com/en/wsj.com/4c7ed50066e4a12ccd5c94912e5c08ca', 'width': 170, 'height': 128, 'tag': '170x128'}]}, 'provider': {'displayName': 'The Wall Street Journal', 'url': 'http://www.wsj.com/', 'sourceId': 'wsj.com'}, 'canonicalUrl': {'url': 'https://www.wsj.com/finance/regulation/canadas-bank-regulator-cuts-capital-buffer-for-big-banks-to-spur-lending-9c749551?siteid=yhoof2&yptr=yahoo', 'site': 'finance', 'region': 'US', 'lang': 'en-US'}, 'clickThroughUrl': None, 'metadata': {'editorsPick': False}, 'finance': {'premiumFinance': {'isPremiumNews': False, 'isPremiumFreeNews': False}}, 'storyline': None}"
834b5787-db1e-354e-a062-05bb384e2962,"{'id': '834b5787-db1e-354e-a062-05bb384e2962', 'contentType': 'STORY', 'title': 'CIBC Sees Higher Fuel Costs Squeezing Canadian Consumer Spending', 'description': '', 'summary': 'Rising fuel costs are weighing on Canadian household spending, with higher gasoline prices eroding r', 'pubDate': '2026-06-19T13:17:21Z', 'displayTime': '2026-06-19T13:17:21Z', 'isHosted': True, 'bypassModal': False, 'previewUrl': None, 'thumbnail': None, 'provider': {'displayName': 'MT Newswires', 'url': 'https://www.mtnewswires.com/', 'sourceId': 'mt_newswires_premium_news_706'}, 'canonicalUrl': {'url': 'https://finance.yahoo.com/economy/articles/cibc-sees-higher-fuel-costs-131721666.html', 'site': 'finance', 'region': 'US', 'lang': 'en-US'}, 'clickThroughUrl': {'url': 'https://finance.yahoo.com/economy/articles/cibc-sees-higher-fuel-costs-131721666.html', 'site': 'finance', 'region': 'US', 'lang': 'en-US'}, 'metadata': {'editorsPick': False}, 'finance': {'premiumFinance': {'isPremiumNews': True, 'isPremiumFreeNews': False}}, 'storyline': None}"
ac7a97e2-76d8-314c-83cc-46c3bc2da225,"{'id': 'ac7a97e2-76d8-314c-83cc-46c3bc2da225', 'contentType': 'STORY', 'title': 'Why Capstone Copper (CSCCF) Is Drawing Bullish Analyst Attention Despite Near-Term Operating Noise', 'description': '', 'summary': 'Capstone Copper Corp. (OTC:CSCCF) is one of the best copper stocks to buy for the AI and electrification boom. Capstone Copper’s June analyst sentiment remained broadly constructive, with Jefferies, RBC Capital, and CIBC all updating their views on the stock. On June 9, Jefferies maintained a Buy rating and raised its price target to C$22, […]', 'pubDate': '2026-06-19T09:58:05Z', 'displayTime': '2026-06-19T09:58:05Z', 'isHosted': True, 'bypassModal': False, 'previewUrl': None, 'thumbnail': {'originalUrl': 'https://media.zenfs.com/en/insidermonkey.com/994c3a0267e6780d7e211e6effe5a07d', 'originalWidth': 1920, 'originalHeight': 1440, 'caption': 'Why Capstone Copper (CSCCF) Is Drawing Bullish Analyst Attention Despite Near-Term Operating Noise', 'resolutions': [{'url': 'https://s.yimg.com/uu/api/res/1.2/jqGU0DGx9.3rvGKb7fxxEA--~B/aD0xNDQwO3c9MTkyMDthcHBpZD15dGFjaHlvbg--/https://media.zenfs.com/en/insidermonkey.com/994c3a0267e6780d7e211e6effe5a07d', 'width': 1920, 'height': 1440, 'tag': 'original'}, {'url': 'https://s.yimg.com/uu/api/res/1.2/Jys2NJiQyeAgOR6.RTZbIA--~B/Zmk9c3RyaW07aD0xMjg7dz0xNzA7YXBwaWQ9eXRhY2h5b24-/https://media.zenfs.com/en/insidermonkey.com/994c3a0267e6780d7e211e6effe5a07d', 'width': 170, 'height': 128, 'tag': '170x128'}]}, 'provider': {'displayName': 'Insider Monkey', 'url': 'http://www.insidermonkey.com', 'sourceId': 'insidermonkey.com'}, 'canonicalUrl': {'url': 'https://finance.yahoo.com/markets/stocks/articles/why-capstone-copper-csccf-drawing-095805397.html', 'site': 'finance', 'region': 'US', 'lang': 'en-US'}, 'clickThroughUrl': {'url': 'https://finance.yahoo.com/markets/stocks/articles/why-capstone-copper-csccf-drawing-095805397.html', 'site': 'finance', 'region': 'US', 'lang': 'en-US'}, 'metadata': {'editorsPick': False}, 'finance': {'premiumFinance': {'isPremiumNews': False, 'isPremiumFreeNews': False}}, 'storyline': None}"
09d0c6ed-319b-338c-bb99-bcd4fd30eed7,"{'id': '09d0c6ed-319b-338c-bb99-bcd4fd30eed7', 'contentType': 'STORY', 'title': 'Enghouse Systems (TSX:ENGH) Stock Fair Value Falls After Analysts Cut Targets', 'description': '', 'summary': 'The latest update for Enghouse Systems centers on a cluster of reduced price targets, with several research houses now guiding toward a CA$16 to CA$18 range. These lower targets align with analyst commentary that frames the stock as fairly valued, with risk and reward seen as broadly balanced rather than skewed strongly in either direction. In the sections ahead, you will see how these target moves fit into the evolving narrative and how to track future shifts in sentiment around Enghouse...', 'pubDate': '2026-06-19T06:15:11Z', 'displayTime': '2026-06-19T06:15:11Z', 'isHosted': True, 'bypassModal': False, 'previewUrl': None, 'thumbnail': {'originalUrl': 'https://media.zenfs.com/en/simply_wall_st__316/0fe4d5d105492213ce106a92b49639d4', 'originalWidth': 1194, 'originalHeight': 432, 'caption': '', 'resolutions': [{'url': 'https://s.yimg.com/uu/api/res/1.2/gnGTQ_q9KCdl7Xvx_ppB0g--~B/aD00MzI7dz0xMTk0O2FwcGlkPXl0YWNoeW9u/https://media.zenfs.com/en/simply_wall_st__316/0fe4d5d105492213ce106a92b49639d4', 'width': 1194, 'height': 432, 'tag': 'original'}, {'url': 'https://s.yimg.com/uu/api/res/1.2/ohfGTui2cNwMrQr9fJT_kw--~B/Zmk9c3RyaW07aD0xMjg7dz0xNzA7YXBwaWQ9eXRhY2h5b24-/https://media.zenfs.com/en/simply_wall_st__316/0fe4d5d105492213ce106a92b49639d4', 'width': 170, 'height': 128, 'tag': '170x128'}]}, 'provider': {'displayName': 'Simply Wall St.', 'url': 'https://simplywall.st/', 'sourceId': 'simply_wall_st__316'}, 'canonicalUrl': {'url': 'https://finance.yahoo.com/markets/stocks/articles/enghouse-systems-tsx-engh-stock-061511271.html', 'site': 'finance', 'region': 'US', 'lang': 'en-US'}, 'clickThroughUrl': {'url': 'https://finance.yahoo.com/markets/stocks/articles/enghouse-systems-tsx-engh-stock-061511271.html', 'site': 'finance', 'region': 'US', 'lang': 'en-US'}, 'metadata': {'editorsPick': False}, 'finance': {'premiumFinance': {'isPremiumNews': False, 'isPremiumFreeNews': False}}, 'storyline': None}"
6baf2cab-3e5b-3c1e-a9c9-9b9b5df19d59,"{'id': '6baf2cab-3e5b-3c1e-a9c9-9b9b5df19d59', 'contentType': 'STORY', 'title': 'OTO received highest number of complaints about CRA in three years, report says', 'description': '', 'summary': 'Complaints included processing delays with income tax forms, excessive call wait times and inaccurate or unclear information from agents', 'pubDate': '2026-06-18T19:13:23Z', 'displayTime': '2026-06-18T19:13:23Z', 'isHosted': True, 'bypassModal': False, 'previewUrl': None, 'thumbnail': {'originalUrl': 'https://media.zenfs.com/en/financial_post_articles_610/b7e7dc9ca14c94681f1443693f133801', 'originalWidth': 1280, 'originalHeight': 960, 'caption': '_H6A4002.jpg', 'resolutions': [{'url': 'https://s.yimg.com/uu/api/res/1.2/G0FQFpvt9SKZVB5cEJUqrw--~B/aD05NjA7dz0xMjgwO2FwcGlkPXl0YWNoeW9u/https://media.zenfs.com/en/financial_post_articles_610/b7e7dc9ca14c94681f1443693f133801', 'width': 1280, 'height': 960, 'tag': 'original'}, {'url': 'https://s.yimg.com/uu/api/res/1.2/aXt3mypx96qUbQifG_YR6w--~B/Zmk9c3RyaW07aD0xMjg7dz0xNzA7YXBwaWQ9eXRhY2h5b24-/https://media.zenfs.com/en/financial_post_articles_610/b7e7dc9ca14c94681f1443693f133801', 'width': 170, 'height': 128, 'tag': '170x128'}]}, 'provider': {'displayName': 'Financial Post', 'url': 'https://financialpost.com/', 'sourceId': 'financial_post_articles_610'}, 'canonicalUrl': {'url': 'https://financialpost.com/personal-finance/taxes/oto-report-surge-cra-complaints-past-year', 'site': 'finance', 'region': 'CA', 'lang': 'en-CA'}, 'clickThroughUrl': {'url': 'https://finance.yahoo.com/news/oto-received-highest-number-complaints-191323065.html', 'site': 'finance', 'region': 'US', 'lang': 'en-US'}, 'metadata': {'editorsPick': False}, 'finance': {'premiumFinance': {'isPremiumNews': False, 'isPremiumFreeNews': False}}, 'storyline': None}"
cbc9d147-de8a-3923-ac7d-66b8ff0cab76,"{'id': 'cbc9d147-de8a-3923-ac7d-66b8ff0cab76', 'contentType': 'STORY', 'title': 'Oil Ticks Higher as Traders Await Signing of US-Iran Deal', 'description': '', 'summary': '(Bloomberg) -- Oil ticked up after two days of stark declines, with prices still broadly pressured by a pending interim peace deal between the US and Iran that could reopen the Strait of Hormuz and send millions of barrels back to the market.Most Read from BloombergRead the 14-Point Draft Memorandum Between the US and IranModi Warns of ‘Shortage of Trust’ Ahead of Trump MeetingIran’s Deputy Foreign Minister Confirms Deal Reached With USNetanyahu Pays a Political Price for Trump’s Iran DealApple', 'pubDate': '2026-06-17T19:28:17Z', 'displayTime': '2026-06-17T19:28:17Z', 'isHosted': True, 'bypassModal': False, 'previewUrl': None, 'thumbnail': None, 'provider': {'displayName': 'Bloomberg', 'url': 'https://www.bloomberg.com/company', 'sourceId': 'bloomberg_holding_pen_162'}, 'canonicalUrl': {'url': 'https://finance.yahoo.com/energy/articles/oil-holds-near-three-month-022726390.html', 'site': 'finance', 'region': 'US', 'lang': 'en-US'}, 'clickThroughUrl': {'url': 'https://finance.yahoo.com/energy/articles/oil-holds-near-three-month-022726390.html', 'site': 'finance', 'region': 'US', 'lang': 'en-US'}, 'metadata': {'editorsPick': False}, 'finance': {'premiumFinance': {'isPremiumNews': False, 'isPremiumFreeNews': False}}, 'storyline': None}"
e7af2501-c155-3fee-8719-92fb1905c01d,"{'id': 'e7af2501-c155-3fee-8719-92fb1905c01d', 'contentType': 'STORY', 'title': ""CIBC Raises BlackBerry's Price Target to US$10.00 From US$8.50"", 'description': '', 'summary': 'CIBC Capital Markets maintained an outperformer rating on the shares of BlackBerry (BB, BB.TO), whil', 'pubDate': '2026-06-17T16:28:20Z', 'displayTime': '2026-06-17T16:28:20Z', 'isHosted': True, 'bypassModal': False, 'previewUrl': None, 'thumbnail': None, 'provider': {'displayName': 'MT Newswires', 'url': 'https://www.mtnewswires.com/', 'sourceId': 'mt_newswires_premium_news_706'}, 'canonicalUrl': {'url': 'https://finance.yahoo.com/markets/stocks/articles/cibc-raises-blackberry-apos-price-162820621.html', 'site': 'finance', 'region': 'US', 'lang': 'en-US'}, 'clickThroughUrl': {'url': 'https://finance.yahoo.com/markets/stocks/articles/cibc-raises-blackberry-apos-price-162820621.html', 'site': 'finance', 'region': 'US', 'lang': 'en-US'}, 'metadata': {'editorsPick': False}, 'finance': {'premiumFinance': {'isPremiumNews': True, 'isPremiumFreeNews': False}}, 'storyline': None}"
9c563066-2f94-3914-8242-d02ccce4fbdf,"{'id': '9c563066-2f94-3914-8242-d02ccce4fbdf', 'contentType': 'STORY', 'title': 'BCS vs. CM: Which Stock Should Value Investors Buy Now?', 'description': '', 'summary': 'BCS vs. CM: Which Stock Is the Better Value Option?', 'pubDate': '2026-06-17T15:40:04Z', 'displayTime': '2026-06-17T15:40:04Z', 'isHosted': True, 'bypassModal': False, 'previewUrl': None, 'thumbnail': {'originalUrl': 'https://media.zenfs.com/en/zacks.com/b95cfdd8768bc3c4620e666dbcb0b248', 'originalWidth': 900, 'originalHeight': 467, 'caption': '', 'resolutions': [{'url': 'https://s.yimg.com/uu/api/res/1.2/64vRzkiY9LXGPrpW4r2GRQ--~B/aD00Njc7dz05MDA7YXBwaWQ9eXRhY2h5b24-/https://media.zenfs.com/en/zacks.com/b95cfdd8768bc3c4620e666dbcb0b248', 'width': 900, 'height': 467, 'tag': 'original'}, {'url': 'https://s.yimg.com/uu/api/res/1.2/rkeQDWhJO5YQoC8FZM3hkQ--~B/Zmk9c3RyaW07aD0xMjg7dz0xNzA7YXBwaWQ9eXRhY2h5b24-/https://media.zenfs.com/en/zacks.com/b95cfdd8768bc3c4620e666dbcb0b248', 'width': 170, 'height': 128, 'tag': '170x128'}]}, 'provider': {'displayName': 'Zacks', 'url': 'http://www.zacks.com/', 'sourceId': 'zacks.com'}, 'canonicalUrl': {'url': 'https://finance.yahoo.com/markets/stocks/articles/bcs-vs-cm-stock-value-154004983.html', 'site': 'finance', 'region': 'US', 'lang': 'en-US'}, 'clickThroughUrl': {'url': 'https://finance.yahoo.com/markets/stocks/articles/bcs-vs-cm-stock-value-154004983.html', 'site': 'finance', 'region': 'US', 'lang': 'en-US'}, 'metadata': {'editorsPick': False}, 'finance': {'premiumFinance': {'isPremiumNews': False, 'isPremiumFreeNews': False}}, 'storyline': None}"
74d059e4-4999-3d96-bf67-c9cb173dc888,"{'id': '74d059e4-4999-3d96-bf67-c9cb173dc888', 'contentType': 'STORY', 'title': ""Canada's Trade Surplus in April Is Positive for GDP, Says CIBC"", 'description': '', 'summary': ""Canada's trade surplus in goods widened further in April, helped not only by higher oil prices but a"", 'pubDate': '2026-06-09T12:59:52Z', 'displayTime': '2026-06-09T12:59:52Z', 'isHosted': True, 'bypassModal': False, 'previewUrl': None, 'thumbnail': None, 'provider': {'displayName': 'MT Newswires', 'url': 'https://www.mtnewswires.com/', 'sourceId': 'mt_newswires_premium_news_706'}, 'canonicalUrl': {'url': 'https://finance.yahoo.com/economy/policy/articles/canada-apos-trade-surplus-april-125952560.html', 'site': 'finance', 'region': 'US', 'lang': 'en-US'}, 'clickThroughUrl': {'url': 'https://finance.yahoo.com/economy/policy/articles/canada-apos-trade-surplus-april-125952560.html', 'site': 'finance', 'region': 'US', 'lang': 'en-US'}, 'metadata': {'editorsPick': False}, 'finance': {'premiumFinance': {'isPremiumNews': True, 'isPremiumFreeNews': False}}, 'storyline': None}"
e85af6b6-4b3f-3988-b3ff-89f9ee1b3182,"{'id': 'e85af6b6-4b3f-3988-b3ff-89f9ee1b3182', 'contentType': 'STORY', 'title': ""CIBC on The Week Ahead in Canada's Economics"", 'description': '', 'summary': 'The Bank of Canada is likely to push back on the view that two consecutive quarters of gross domesti', 'pubDate': '2026-06-08T11:05:48Z', 'displayTime': '2026-06-08T11:05:48Z', 'isHosted': True, 'bypassModal': False, 'previewUrl': None, 'thumbnail': None, 'provider': {'displayName': 'MT Newswires', 'url': 'https://www.mtnewswires.com/', 'sourceId': 'mt_newswires_premium_news_706'}, 'canonicalUrl': {'url': 'https://finance.yahoo.com/economy/policy/articles/cibc-week-ahead-canada-apos-110548915.html', 'site': 'finance', 'region': 'US', 'lang': 'en-US'}, 'clickThroughUrl': {'url': 'https://finance.yahoo.com/economy/policy/articles/cibc-week-ahead-canada-apos-110548915.html', 'site': 'finance', 'region': 'US', 'lang': 'en-US'}, 'metadata': {'editorsPick': False}, 'finance': {'premiumFinance': {'isPremiumNews': True, 'isPremiumFreeNews': False}}, 'storyline': None}"
c44b77f9-8f27-30fc-a93a-9d0e76bb1e71,"{'id': 'c44b77f9-8f27-30fc-a93a-9d0e76bb1e71', 'contentType': 'STORY', 'title': 'Canada’s Bank Regulator Cuts Capital Buffer for Big Banks to Spur Lending', 'description': '', 'summary': 'The move aims to boost lending as the government seeks to lure investment to kick-start the economy.', 'pubDate': '2026-06-19T14:40:00Z', 'displayTime': '2026-06-19T14:40:00Z', 'isHosted': False, 'bypassModal': False, 'previewUrl': 'https://finance.yahoo.com/m/c44b77f9-8f27-30fc-a93a-9d0e76bb1e71/canada%E2%80%99s-bank-regulator-cuts.html', 'thumbnail': {'originalUrl': 'https://media.zenfs.com/en/wsj.com/4c7ed50066e4a12ccd5c94912e5c08ca', 'originalWidth': 1280, 'originalHeight': 640, 'caption': '', 'resolutions': [{'url': 'https://s.yimg.com/uu/api/res/1.2/Ax71Ht2PkHTeVDfuYuqgJg--~B/aD02NDA7dz0xMjgwO2FwcGlkPXl0YWNoeW9u/https://media.zenfs.com/en/wsj.com/4c7ed50066e4a12ccd5c94912e5c08ca', 'width': 1280, 'height': 640, 'tag': 'original'}, {'url': 'https://s.yimg.com/uu/api/res/1.2/lJFREE8RKWu1dILpyaRcdQ--~B/Zmk9c3RyaW07aD0xMjg7dz0xNzA7YXBwaWQ9eXRhY2h5b24-/https://media.zenfs.com/en/wsj.com/4c7ed50066e4a12ccd5c94912e5c08ca', 'width': 170, 'height': 128, 'tag': '170x128'}]}, 'provider': {'displayName': 'The Wall Street Journal', 'url': 'http://www.wsj.com/', 'sourceId': 'wsj.com'}, 'canonicalUrl': {'url': 'https://www.wsj.com/finance/regulation/canadas-bank-regulator-cuts-capital-buffer-for-big-banks-to-spur-lending-9c749551?siteid=yhoof2&yptr=yahoo', 'site': 'finance', 'region': 'US', 'lang': 'en-US'}, 'clickThroughUrl': None, 'metadata': {'editorsPick': False}, 'finance': {'premiumFinance': {'isPremiumNews': False, 'isPremiumFreeNews': False}}, 'storyline': None}"
adc50604-a94d-346c-922d-e669f61210d7,"{'id': 'adc50604-a94d-346c-922d-e669f61210d7', 'contentType': 'STORY', 'title': 'Is Bank of New York Stock Outperforming the Nasdaq?', 'description': '', 'summary': 'Bank of New York has outperformed the Nasdaq Composite over the past year, and analysts remain moderately bullish about the stock’s outlook.', 'pubDate': '2026-06-15T10:15:08Z', 'displayTime': '2026-06-15T10:15:08Z', 'isHosted': True, 'bypassModal': False, 'previewUrl': None, 'thumbnail': {'originalUrl': 'https://media.zenfs.com/en/barchart_com_477/e4b938f70ca93d9a79312041c5f5d173', 'originalWidth': 1600, 'originalHeight': 1068, 'caption': 'La Defense financial district Paris skyscrapers by rh2010 via Adobe Stock', 'resolutions': [{'url': 'https://s.yimg.com/uu/api/res/1.2/FFJ_eFuEfJaf2EiYbWztBQ--~B/aD0xMDY4O3c9MTYwMDthcHBpZD15dGFjaHlvbg--/https://media.zenfs.com/en/barchart_com_477/e4b938f70ca93d9a79312041c5f5d173', 'width': 1600, 'height': 1068, 'tag': 'original'}, {'url': 'https://s.yimg.com/uu/api/res/1.2/9Tj8xIt3pEQJgIjrwa0yiA--~B/Zmk9c3RyaW07aD0xMjg7dz0xNzA7YXBwaWQ9eXRhY2h5b24-/https://media.zenfs.com/en/barchart_com_477/e4b938f70ca93d9a79312041c5f5d173', 'width': 170, 'height': 128, 'tag': '170x128'}]}, 'provider': {'displayName': 'Barchart', 'url': 'https://www.barchart.com/', 'sourceId': 'barchart_com_477'}, 'canonicalUrl': {'url': 'https://www.barchart.com/story/news/2468260/is-bank-of-new-york-stock-outperforming-the-nasdaq', 'site': 'finance', 'region': 'US', 'lang': 'en-US'}, 'clickThroughUrl': {'url': 'https://finance.yahoo.com/markets/stocks/articles/bank-york-stock-outperforming-nasdaq-101508021.html', 'site': 'finance', 'region': 'US', 'lang': 'en-US'}, 'metadata': {'editorsPick': False}, 'finance': {'premiumFinance': {'isPremiumNews': False, 'isPremiumFreeNews': False}}, 'storyline': None}"
1e59191b-7f87-3b9f-bd5c-71b9456e6577,"{'id': '1e59191b-7f87-3b9f-bd5c-71b9456e6577', 'contentType': 'STORY', 'title': 'TD Record Q2 Earnings And Dividend Hike Test Valuation Expectations', 'description': '', 'summary': 'Toronto-Dominion Bank (TSX:TD) reported record earnings across multiple segments in its latest Q2 results. Canadian Personal and Commercial Banking, Wealth Management, Insurance, and Wholesale Banking each reached all time highs in earnings. The bank also announced a dividend increase following its standout Q2 performance. For investors watching the Canadian banking sector, TD sits at the center of several key trends, including digital banking adoption, wealth advisory growth, and demand...', 'pubDate': '2026-06-14T08:06:15Z', 'displayTime': '2026-06-14T08:06:15Z', 'isHosted': True, 'bypassModal': False, 'previewUrl': None, 'thumbnail': {'originalUrl': 'https://media.zenfs.com/en/simply_wall_st__316/c5136af47b88693347c86f4e6f53b762', 'originalWidth': 1194, 'originalHeight': 432, 'caption': '', 'resolutions': [{'url': 'https://s.yimg.com/uu/api/res/1.2/b7F5ZR5LsoXW39TOuyPDrw--~B/aD00MzI7dz0xMTk0O2FwcGlkPXl0YWNoeW9u/https://media.zenfs.com/en/simply_wall_st__316/c5136af47b88693347c86f4e6f53b762', 'width': 1194, 'height': 432, 'tag': 'original'}, {'url': 'https://s.yimg.com/uu/api/res/1.2/kq.EvrBOGsvLzotSP.tGKw--~B/Zmk9c3RyaW07aD0xMjg7dz0xNzA7YXBwaWQ9eXRhY2h5b24-/https://media.zenfs.com/en/simply_wall_st__316/c5136af47b88693347c86f4e6f53b762', 'width': 170, 'height': 128, 'tag': '170x128'}]}, 'provider': {'displayName': 'Simply Wall St.', 'url': 'https://simplywall.st/', 'sourceId': 'simply_wall_st__316'}, 'canonicalUrl': {'url': 'https://finance.yahoo.com/markets/stocks/articles/td-record-q2-earnings-dividend-080615288.html', 'site': 'finance', 'region': 'US', 'lang': 'en-US'}, 'clickThroughUrl': {'url': 'https://finance.yahoo.com/markets/stocks/articles/td-record-q2-earnings-dividend-080615288.html', 'site': 'finance', 'region': 'US', 'lang': 'en-US'}, 'metadata': {'editorsPick': False}, 'finance': {'premiumFinance': {'isPremiumNews': False, 'isPremiumFreeNews': False}}, 'storyline': None}"
616ba31d-946f-3087-832f-b4d38dcf6925,"{'id': '616ba31d-946f-3087-832f-b4d38dcf6925', 'contentType': 'STORY', 'title': 'Analysts Turn Bullish on The Toronto-Dominion Bank (TD). Here is Why', 'description': '', 'summary': 'With an annual dividend yield of 2.80%, The Toronto-Dominion Bank (NYSE:TD) is included among the 12 High Yield Fortune 500 Stocks to Buy Now. The Toronto-Dominion Bank (NYSE:TD) and its subsidiaries are collectively known as TD Bank Group (TD). TD is the sixth largest bank in North America by assets and serves around 28 million customers […]', 'pubDate': '2026-06-14T05:37:41Z', 'displayTime': '2026-06-14T05:37:41Z', 'isHosted': True, 'bypassModal': False, 'previewUrl': None, 'thumbnail': {'originalUrl': 'https://media.zenfs.com/en/insidermonkey.com/cc88fe4a0a16614c80d5e42ac175454e', 'originalWidth': 1280, 'originalHeight': 853, 'caption': 'Analysts Turn Bullish on The Toronto-Dominion Bank (TD). Here is Why', 'resolutions': [{'url': 'https://s.yimg.com/uu/api/res/1.2/C8vHk0sJM1cKY88_KYHBxg--~B/aD04NTM7dz0xMjgwO2FwcGlkPXl0YWNoeW9u/https://media.zenfs.com/en/insidermonkey.com/cc88fe4a0a16614c80d5e42ac175454e', 'width': 1280, 'height': 853, 'tag': 'original'}, {'url': 'https://s.yimg.com/uu/api/res/1.2/iPgO83GKA9sWZuGcFlgAuA--~B/Zmk9c3RyaW07aD0xMjg7dz0xNzA7YXBwaWQ9eXRhY2h5b24-/https://media.zenfs.com/en/insidermonkey.com/cc88fe4a0a16614c80d5e42ac175454e', 'width': 170, 'height': 128, 'tag': '170x128'}]}, 'provider': {'displayName': 'Insider Monkey', 'url': 'http://www.insidermonkey.com', 'sourceId': 'insidermonkey.com'}, 'canonicalUrl': {'url': 'https://finance.yahoo.com/markets/stocks/articles/analysts-turn-bullish-toronto-dominion-053741324.html', 'site': 'finance', 'region': 'US', 'lang': 'en-US'}, 'clickThroughUrl': {'url': 'https://finance.yahoo.com/markets/stocks/articles/analysts-turn-bullish-toronto-dominion-053741324.html', 'site': 'finance', 'region': 'US', 'lang': 'en-US'}, 'metadata': {'editorsPick': False}, 'finance': {'premiumFinance': {'isPremiumNews': False, 'isPremiumFreeNews': False}}, 'storyline': None}"
cf4bbd6e-4218-36db-afc5-395d9fc263e4,"{'id': 'cf4bbd6e-4218-36db-afc5-395d9fc263e4', 'contentType': 'STORY', 'title': 'Canadian household wealth rose again to more than $18.6 trillion thanks to strength in both stocks and real estate', 'description': '', 'summary': 'Households added $243 billion to their collective wealth, a 1.3% increase from the fourth quarter of 2025, according to Statistics Canada', 'pubDate': '2026-06-12T18:18:07Z', 'displayTime': '2026-06-12T18:18:07Z', 'isHosted': True, 'bypassModal': False, 'previewUrl': None, 'thumbnail': {'originalUrl': 'https://media.zenfs.com/en/financial_post_articles_610/54988e3aa3f2d5084bc80fb7e088e0e6', 'originalWidth': 1280, 'originalHeight': 960, 'caption': '0613 biz tj household.jpg', 'resolutions': [{'url': 'https://s.yimg.com/uu/api/res/1.2/VWMPWrr2ZRg6ZdqmgjxMUw--~B/aD05NjA7dz0xMjgwO2FwcGlkPXl0YWNoeW9u/https://media.zenfs.com/en/financial_post_articles_610/54988e3aa3f2d5084bc80fb7e088e0e6', 'width': 1280, 'height': 960, 'tag': 'original'}, {'url': 'https://s.yimg.com/uu/api/res/1.2/zgyEIKBYhxkNtMw5FzXeyQ--~B/Zmk9c3RyaW07aD0xMjg7dz0xNzA7YXBwaWQ9eXRhY2h5b24-/https://media.zenfs.com/en/financial_post_articles_610/54988e3aa3f2d5084bc80fb7e088e0e6', 'width': 170, 'height': 128, 'tag': '170x128'}]}, 'provider': {'displayName': 'Financial Post', 'url': 'https://financialpost.com/', 'sourceId': 'financial_post_articles_610'}, 'canonicalUrl': {'url': 'https://financialpost.com/wealth/canadian-household-wealth-rose-again-18-trillion', 'site': 'finance', 'region': 'CA', 'lang': 'en-CA'}, 'clickThroughUrl': {'url': 'https://finance.yahoo.com/news/canadian-household-wealth-rose-again-181807466.html', 'site': 'finance', 'region': 'US', 'lang': 'en-US'}, 'metadata': {'editorsPick': False}, 'finance': {'premiumFinance': {'isPremiumNews': False, 'isPremiumFreeNews': False}}, 'storyline': None}"
d54600c1-c552-3022-ba8c-c31e2493b2fb,"{'id': 'd54600c1-c552-3022-ba8c-c31e2493b2fb', 'contentType': 'STORY', 'title': 'Why Toronto-Dominion Bank (TD) is a Great Dividend Stock Right Now', 'description': '', 'summary': ""Dividends are one of the best benefits to being a shareholder, but finding a great dividend stock is no easy task. Does Toronto-Dominion (TD) have what it takes? Let's find out."", 'pubDate': '2026-06-11T15:45:02Z', 'displayTime': '2026-06-11T15:45:02Z', 'isHosted': True, 'bypassModal': False, 'previewUrl': None, 'thumbnail': {'originalUrl': 'https://media.zenfs.com/en/zacks.com/d2f7ed3d1940141716bfd200f5c94c6b', 'originalWidth': 900, 'originalHeight': 711, 'caption': '', 'resolutions': [{'url': 'https://s.yimg.com/uu/api/res/1.2/eeFsK50..hTdRBoBNDEyoA--~B/aD03MTE7dz05MDA7YXBwaWQ9eXRhY2h5b24-/https://media.zenfs.com/en/zacks.com/d2f7ed3d1940141716bfd200f5c94c6b', 'width': 900, 'height': 711, 'tag': 'original'}, {'url': 'https://s.yimg.com/uu/api/res/1.2/sgfeS33aHDXh6DZ3gYwjVQ--~B/Zmk9c3RyaW07aD0xMjg7dz0xNzA7YXBwaWQ9eXRhY2h5b24-/https://media.zenfs.com/en/zacks.com/d2f7ed3d1940141716bfd200f5c94c6b', 'width': 170, 'height': 128, 'tag': '170x128'}]}, 'provider': {'displayName': 'Zacks', 'url': 'http://www.zacks.com/', 'sourceId': 'zacks.com'}, 'canonicalUrl': {'url': 'https://finance.yahoo.com/markets/stocks/articles/why-toronto-dominion-bank-td-154502677.html', 'site': 'finance', 'region': 'US', 'lang': 'en-US'}, 'clickThroughUrl': {'url': 'https://finance.yahoo.com/markets/stocks/articles/why-toronto-dominion-bank-td-154502677.html', 'site': 'finance', 'region': 'US', 'lang': 'en-US'}, 'metadata': {'editorsPick': False}, 'finance': {'premiumFinance': {'isPremiumNews': False, 'isPremiumFreeNews': False}}, 'storyline': None}"
d33e44f3-874c-3caa-a2c2-10aaa0b367d5,"{'id': 'd33e44f3-874c-3caa-a2c2-10aaa0b367d5', 'contentType': 'STORY', 'title': 'TD Bank’s Top App Ranking And What It May Mean For Investors', 'description': '', 'summary': ""Toronto Dominion Bank (TSX:TD) ranks #1 in Canada for Mobile App Customer Satisfaction in the 2026 JD Power study. The bank receives top marks across all key app metrics, according to the study. This recognition focuses on TD's mobile banking experience for retail clients in the Canadian market. For a large universal bank like Toronto Dominion Bank, the mobile app is now a core storefront for everyday banking. As more clients shift routine transactions to digital channels, app quality has..."", 'pubDate': '2026-06-06T15:12:37Z', 'displayTime': '2026-06-06T15:12:37Z', 'isHosted': True, 'bypassModal': False, 'previewUrl': None, 'thumbnail': {'originalUrl': 'https://media.zenfs.com/en/simply_wall_st__316/c5136af47b88693347c86f4e6f53b762', 'originalWidth': 1194, 'originalHeight': 432, 'caption': '', 'resolutions': [{'url': 'https://s.yimg.com/uu/api/res/1.2/b7F5ZR5LsoXW39TOuyPDrw--~B/aD00MzI7dz0xMTk0O2FwcGlkPXl0YWNoeW9u/https://media.zenfs.com/en/simply_wall_st__316/c5136af47b88693347c86f4e6f53b762', 'width': 1194, 'height': 432, 'tag': 'original'}, {'url': 'https://s.yimg.com/uu/api/res/1.2/kq.EvrBOGsvLzotSP.tGKw--~B/Zmk9c3RyaW07aD0xMjg7dz0xNzA7YXBwaWQ9eXRhY2h5b24-/https://media.zenfs.com/en/simply_wall_st__316/c5136af47b88693347c86f4e6f53b762', 'width': 170, 'height': 128, 'tag': '170x128'}]}, 'provider': {'displayName': 'Simply Wall St.', 'url': 'https://simplywall.st/', 'sourceId': 'simply_wall_st__316'}, 'canonicalUrl': {'url': 'https://finance.yahoo.com/markets/stocks/articles/td-bank-top-app-ranking-151237505.html', 'site': 'finance', 'region': 'US', 'lang': 'en-US'}, 'clickThroughUrl': {'url': 'https://finance.yahoo.com/markets/stocks/articles/td-bank-top-app-ranking-151237505.html', 'site': 'finance', 'region': 'US', 'lang': 'en-US'}, 'metadata': {'editorsPick': False}, 'finance': {'premiumFinance': {'isPremiumNews': False, 'isPremiumFreeNews': False}}, 'storyline': None}"
08f9e060-ea7c-3e73-b0ef-54447ac9b03a,"{'id': '08f9e060-ea7c-3e73-b0ef-54447ac9b03a', 'contentType': 'STORY', 'title': 'RBC Capital Lifts PT on The Toronto-Dominion Bank (TD)', 'description': '', 'summary': 'The Toronto-Dominion Bank (NYSE:TD) is one of the top cheap stocks with Strong Buy ratings on Wall Street. RBC Capital lifted the price target on The Toronto-Dominion Bank (NYSE:TD) to C$156 from C$138 on June 1 and maintained an Outperform rating on the shares. The company also received a rating update from Jefferies on May […]', 'pubDate': '2026-06-05T22:07:16Z', 'displayTime': '2026-06-05T22:07:16Z', 'isHosted': True, 'bypassModal': False, 'previewUrl': None, 'thumbnail': {'originalUrl': 'https://media.zenfs.com/en/insidermonkey.com/91645d2b24c420c3b384bad40720ca8a', 'originalWidth': 1456, 'originalHeight': 816, 'caption': '', 'resolutions': [{'url': 'https://s.yimg.com/uu/api/res/1.2/SWvFsA9uBr8JJMgmzEYcSw--~B/aD04MTY7dz0xNDU2O2FwcGlkPXl0YWNoeW9u/https://media.zenfs.com/en/insidermonkey.com/91645d2b24c420c3b384bad40720ca8a', 'width': 1456, 'height': 816, 'tag': 'original'}, {'url': 'https://s.yimg.com/uu/api/res/1.2/Aek6mxK2TmF0L1w6dS0wbg--~B/Zmk9c3RyaW07aD0xMjg7dz0xNzA7YXBwaWQ9eXRhY2h5b24-/https://media.zenfs.com/en/insidermonkey.com/91645d2b24c420c3b384bad40720ca8a', 'width': 170, 'height': 128, 'tag': '170x128'}]}, 'provider': {'displayName': 'Insider Monkey', 'url': 'http://www.insidermonkey.com', 'sourceId': 'insidermonkey.com'}, 'canonicalUrl': {'url': 'https://finance.yahoo.com/markets/stocks/articles/rbc-capital-lifts-pt-toronto-220716305.html', 'site': 'finance', 'region': 'US', 'lang': 'en-US'}, 'clickThroughUrl': {'url': 'https://finance.yahoo.com/markets/stocks/articles/rbc-capital-lifts-pt-toronto-220716305.html', 'site': 'finance', 'region': 'US', 'lang': 'en-US'}, 'metadata': {'editorsPick': False}, 'finance': {'premiumFinance': {'isPremiumNews': False, 'isPremiumFreeNews': False}}, 'storyline': None}"
6e6bf561-4337-324b-bf3e-8a23e4a490db,"{'id': '6e6bf561-4337-324b-bf3e-8a23e4a490db', 'contentType': 'STORY', 'title': 'Scotiabank Lifts PT on The Toronto-Dominion Bank (TD)', 'description': '', 'summary': 'The Toronto-Dominion Bank (NYSE:TD) is one of the best cheap stocks to buy for beginners. Scotiabank lifted the price target on The Toronto-Dominion Bank (NYSE:TD) to C$165 from C$150 on June 1 and maintained an Outperform rating on the shares. The company also received a rating update from Barclays on May 29, with the firm lifting […]', 'pubDate': '2026-06-05T22:05:57Z', 'displayTime': '2026-06-05T22:05:57Z', 'isHosted': True, 'bypassModal': False, 'previewUrl': None, 'thumbnail': {'originalUrl': 'https://media.zenfs.com/en/insidermonkey.com/91645d2b24c420c3b384bad40720ca8a', 'originalWidth': 1456, 'originalHeight': 816, 'caption': '', 'resolutions': [{'url': 'https://s.yimg.com/uu/api/res/1.2/SWvFsA9uBr8JJMgmzEYcSw--~B/aD04MTY7dz0xNDU2O2FwcGlkPXl0YWNoeW9u/https://media.zenfs.com/en/insidermonkey.com/91645d2b24c420c3b384bad40720ca8a', 'width': 1456, 'height': 816, 'tag': 'original'}, {'url': 'https://s.yimg.com/uu/api/res/1.2/Aek6mxK2TmF0L1w6dS0wbg--~B/Zmk9c3RyaW07aD0xMjg7dz0xNzA7YXBwaWQ9eXRhY2h5b24-/https://media.zenfs.com/en/insidermonkey.com/91645d2b24c420c3b384bad40720ca8a', 'width': 170, 'height': 128, 'tag': '170x128'}]}, 'provider': {'displayName': 'Insider Monkey', 'url': 'http://www.insidermonkey.com', 'sourceId': 'insidermonkey.com'}, 'canonicalUrl': {'url': 'https://finance.yahoo.com/markets/stocks/articles/scotiabank-lifts-pt-toronto-dominion-220557317.html', 'site': 'finance', 'region': 'US', 'lang': 'en-US'}, 'clickThroughUrl': {'url': 'https://finance.yahoo.com/markets/stocks/articles/scotiabank-lifts-pt-toronto-dominion-220557317.html', 'site': 'finance', 'region': 'US', 'lang': 'en-US'}, 'metadata': {'editorsPick': False}, 'finance': {'premiumFinance': {'isPremiumNews': False, 'isPremiumFreeNews': False}}, 'storyline': None}"
88c2b53b-a490-3163-bf60-deb9654b23c6,"{'id': '88c2b53b-a490-3163-bf60-deb9654b23c6', 'contentType': 'STORY', 'title': 'The Toronto-Dominion Bank Prices CAD Non-Viability Contingent Capital AT1 Limited Recourse Capital Notes', 'description': '', 'summary': 'The Toronto-Dominion Bank (TD.TO, TD) priced a Canadian public offering of C$1.25 billion of 5.918%', 'pubDate': '2026-06-05T13:38:26Z', 'displayTime': '2026-06-05T13:38:26Z', 'isHosted': True, 'bypassModal': False, 'previewUrl': None, 'thumbnail': None, 'provider': {'displayName': 'MT Newswires', 'url': 'https://www.mtnewswires.com/', 'sourceId': 'mt_newswires_premium_news_706'}, 'canonicalUrl': {'url': 'https://finance.yahoo.com/markets/stocks/articles/toronto-dominion-bank-prices-cad-133826268.html', 'site': 'finance', 'region': 'US', 'lang': 'en-US'}, 'clickThroughUrl': {'url': 'https://finance.yahoo.com/markets/stocks/articles/toronto-dominion-bank-prices-cad-133826268.html', 'site': 'finance', 'region': 'US', 'lang': 'en-US'}, 'metadata': {'editorsPick': False}, 'finance': {'premiumFinance': {'isPremiumNews': True, 'isPremiumFreeNews': False}}, 'storyline': None}"
7d9d2b46-4a95-3f5e-8492-d6e8307ce329,"{'id': '7d9d2b46-4a95-3f5e-8492-d6e8307ce329', 'contentType': 'STORY', 'title': 'Stock Market Today: Nasdaq, Russell 2000 Pace Rebound; SpaceX Slumps 24% Off Its Peak', 'description': '', 'summary': 'Stock Market Today; The Dow Jones index rises Thursday as the U.S. and Iran sign a peace deal. Moderna breaks out past a buy point.', 'pubDate': '2026-06-18T21:19:52Z', 'displayTime': '2026-06-18T21:19:52Z', 'isHosted': False, 'bypassModal': False, 'previewUrl': 'https://finance.yahoo.com/m/7d9d2b46-4a95-3f5e-8492-d6e8307ce329/stock-market-today-nasdaq-.html', 'thumbnail': {'originalUrl': 'https://media.zenfs.com/en/ibd.com/361bb38c827e8a27f04c1e27387b9202', 'originalWidth': 1000, 'originalHeight': 563, 'caption': '', 'resolutions': [{'url': 'https://s.yimg.com/uu/api/res/1.2/nTbki.eCn4j8n5cWhZ6nCw--~B/aD01NjM7dz0xMDAwO2FwcGlkPXl0YWNoeW9u/https://media.zenfs.com/en/ibd.com/361bb38c827e8a27f04c1e27387b9202', 'width': 1000, 'height': 563, 'tag': 'original'}, {'url': 'https://s.yimg.com/uu/api/res/1.2/OcCVGcQIwA31SRMTNjn8mQ--~B/Zmk9c3RyaW07aD0xMjg7dz0xNzA7YXBwaWQ9eXRhY2h5b24-/https://media.zenfs.com/en/ibd.com/361bb38c827e8a27f04c1e27387b9202', 'width': 170, 'height': 128, 'tag': '170x128'}]}, 'provider': {'displayName': ""Investor's Business Daily"", 'url': 'http://www.investors.com/', 'sourceId': 'ibd.com'}, 'canonicalUrl': {'url': 'https://www.investors.com/market-trend/stock-market-today/dow-jones-sp500-nasdaq-jobless-claims-intel-stock-intc-trump/?src=A00220&yptr=yahoo', 'site': 'finance', 'region': 'US', 'lang': 'en-US'}, 'clickThroughUrl': None, 'metadata': {'editorsPick': False}, 'finance': {'premiumFinance': {'isPremiumNews': False, 'isPremiumFreeNews': False}}, 'storyline': None}"
5bcdbba8-bb32-37de-b669-fda9660a3073,"{'id': '5bcdbba8-bb32-37de-b669-fda9660a3073', 'contentType': 'STORY', 'title': 'RBC Gains From Strength in Aerospace & Defense Unit: Can It Sustain?', 'description': '', 'summary': ""RBC's Aerospace & Defense segment surges on commercial and defense demand, with a strong backlog supporting future growth."", 'pubDate': '2026-06-18T16:37:00Z', 'displayTime': '2026-06-18T16:37:00Z', 'isHosted': True, 'bypassModal': False, 'previewUrl': None, 'thumbnail': {'originalUrl': 'https://media.zenfs.com/en/zacks.com/4b4e53e8a5023331806778834b3d5a10', 'originalWidth': 635, 'originalHeight': 400, 'caption': '', 'resolutions': [{'url': 'https://s.yimg.com/uu/api/res/1.2/VkDrJ9iOZ2K9L8zC.7ZM0Q--~B/aD00MDA7dz02MzU7YXBwaWQ9eXRhY2h5b24-/https://media.zenfs.com/en/zacks.com/4b4e53e8a5023331806778834b3d5a10', 'width': 635, 'height': 400, 'tag': 'original'}, {'url': 'https://s.yimg.com/uu/api/res/1.2/EzJNLrV.wkG8P_0nbgiDLg--~B/Zmk9c3RyaW07aD0xMjg7dz0xNzA7YXBwaWQ9eXRhY2h5b24-/https://media.zenfs.com/en/zacks.com/4b4e53e8a5023331806778834b3d5a10', 'width': 170, 'height': 128, 'tag': '170x128'}]}, 'provider': {'displayName': 'Zacks', 'url': 'http://www.zacks.com/', 'sourceId': 'zacks.com'}, 'canonicalUrl': {'url': 'https://finance.yahoo.com/markets/stocks/articles/rbc-gains-strength-aerospace-defense-163700219.html', 'site': 'finance', 'region': 'US', 'lang': 'en-US'}, 'clickThroughUrl': {'url': 'https://finance.yahoo.com/markets/stocks/articles/rbc-gains-strength-aerospace-defense-163700219.html', 'site': 'finance', 'region': 'US', 'lang': 'en-US'}, 'metadata': {'editorsPick': False}, 'finance': {'premiumFinance': {'isPremiumNews': False, 'isPremiumFreeNews': False}}, 'storyline': None}"
96a80f3c-fd25-3979-8164-e789e5a5e818,"{'id': '96a80f3c-fd25-3979-8164-e789e5a5e818', 'contentType': 'STORY', 'title': 'Aerospace Supplier Tops Buy Point; Industrial Name Trades Inches From Another', 'description': '', 'summary': 'Aerospace and defense is RBC\'s best-growing segment: Sales jumped 41.2% in the March-ended quarter, amid ""unprecedented commercial aircraft build rates.""', 'pubDate': '2026-06-17T17:35:00Z', 'displayTime': '2026-06-17T17:35:00Z', 'isHosted': False, 'bypassModal': False, 'previewUrl': 'https://finance.yahoo.com/m/96a80f3c-fd25-3979-8164-e789e5a5e818/aerospace-supplier-tops-buy.html', 'thumbnail': {'originalUrl': 'https://media.zenfs.com/en/ibd.com/040c20ed8eaab391fe7f7b36b87ea39f', 'originalWidth': 1000, 'originalHeight': 563, 'caption': '', 'resolutions': [{'url': 'https://s.yimg.com/uu/api/res/1.2/P6Z9hAgv1SjQ6Be1ECz81w--~B/aD01NjM7dz0xMDAwO2FwcGlkPXl0YWNoeW9u/https://media.zenfs.com/en/ibd.com/040c20ed8eaab391fe7f7b36b87ea39f', 'width': 1000, 'height': 563, 'tag': 'original'}, {'url': 'https://s.yimg.com/uu/api/res/1.2/WHV4c68aoJnaBDUS6ZPkCg--~B/Zmk9c3RyaW07aD0xMjg7dz0xNzA7YXBwaWQ9eXRhY2h5b24-/https://media.zenfs.com/en/ibd.com/040c20ed8eaab391fe7f7b36b87ea39f', 'width': 170, 'height': 128, 'tag': '170x128'}]}, 'provider': {'displayName': ""Investor's Business Daily"", 'url': 'http://www.investors.com/', 'sourceId': 'ibd.com'}, 'canonicalUrl': {'url': 'https://www.investors.com/news/howmet-aerospace-stock-rbc-bearings/?src=A00220&yptr=yahoo', 'site': 'finance', 'region': 'US', 'lang': 'en-US'}, 'clickThroughUrl': None, 'metadata': {'editorsPick': False}, 'finance': {'premiumFinance': {'isPremiumNews': False, 'isPremiumFreeNews': False}}, 'storyline': None}"
d6ef489d-d91d-3f44-b7cb-9b3da4604a38,"{'id': 'd6ef489d-d91d-3f44-b7cb-9b3da4604a38', 'contentType': 'STORY', 'title': 'Engineered Components and Systems Stocks Q1 In Review: RBC Bearings (NYSE:RBC) Vs Peers', 'description': '', 'summary': 'Looking back on engineered components and systems stocks’ Q1 earnings, we examine this quarter’s best and worst performers, including RBC Bearings (NYSE:RBC) and its peers.', 'pubDate': '2026-06-15T17:56:07Z', 'displayTime': '2026-06-15T17:56:07Z', 'isHosted': True, 'bypassModal': False, 'previewUrl': None, 'thumbnail': {'originalUrl': 'https://media.zenfs.com/en/stockstory_922/821934bb96e3fc85d58bac8b61f49afd', 'originalWidth': 1400, 'originalHeight': 700, 'caption': 'RBC Cover Image', 'resolutions': [{'url': 'https://s.yimg.com/uu/api/res/1.2/USvFY2QrWqYPQLX8dARq8Q--~B/aD03MDA7dz0xNDAwO2FwcGlkPXl0YWNoeW9u/https://media.zenfs.com/en/stockstory_922/821934bb96e3fc85d58bac8b61f49afd', 'width': 1400, 'height': 700, 'tag': 'original'}, {'url': 'https://s.yimg.com/uu/api/res/1.2/4ubpzaBv_jhzSA_1MXC_AQ--~B/Zmk9c3RyaW07aD0xMjg7dz0xNzA7YXBwaWQ9eXRhY2h5b24-/https://media.zenfs.com/en/stockstory_922/821934bb96e3fc85d58bac8b61f49afd', 'width': 170, 'height': 128, 'tag': '170x128'}]}, 'provider': {'displayName': 'StockStory', 'url': 'https://stockstory.org/', 'sourceId': 'stockstory_922'}, 'canonicalUrl': {'url': 'https://finance.yahoo.com/markets/stocks/articles/engineered-components-systems-stocks-q1-175607765.html', 'site': 'finance', 'region': 'US', 'lang': 'en-US'}, 'clickThroughUrl': {'url': 'https://finance.yahoo.com/markets/stocks/articles/engineered-components-systems-stocks-q1-175607765.html', 'site': 'finance', 'region': 'US', 'lang': 'en-US'}, 'metadata': {'editorsPick': False}, 'finance': {'premiumFinance': {'isPremiumNews': False, 'isPremiumFreeNews': False}}, 'storyline': None}"
1e2abe0c-176e-34d7-b033-179ad733eff9,"{'id': '1e2abe0c-176e-34d7-b033-179ad733eff9', 'contentType': 'STORY', 'title': ""Stanley Black's Engineered Fastening Growth Picks Up: More Upside to Come?"", 'description': '', 'summary': ""SWK's Engineered Fastening segment is gaining from aerospace and automotive demand, while cost-saving efforts support profitability."", 'pubDate': '2026-06-12T18:31:00Z', 'displayTime': '2026-06-12T18:31:00Z', 'isHosted': True, 'bypassModal': False, 'previewUrl': None, 'thumbnail': {'originalUrl': 'https://media.zenfs.com/en/zacks.com/026a08802cd984229bb03e0aefeb2972', 'originalWidth': 635, 'originalHeight': 400, 'caption': '', 'resolutions': [{'url': 'https://s.yimg.com/uu/api/res/1.2/knmT_zhl4W5gMgUMJIEvBg--~B/aD00MDA7dz02MzU7YXBwaWQ9eXRhY2h5b24-/https://media.zenfs.com/en/zacks.com/026a08802cd984229bb03e0aefeb2972', 'width': 635, 'height': 400, 'tag': 'original'}, {'url': 'https://s.yimg.com/uu/api/res/1.2/jP1txTUnqQaNhGXzhWNv8Q--~B/Zmk9c3RyaW07aD0xMjg7dz0xNzA7YXBwaWQ9eXRhY2h5b24-/https://media.zenfs.com/en/zacks.com/026a08802cd984229bb03e0aefeb2972', 'width': 170, 'height': 128, 'tag': '170x128'}]}, 'provider': {'displayName': 'Zacks', 'url': 'http://www.zacks.com/', 'sourceId': 'zacks.com'}, 'canonicalUrl': {'url': 'https://finance.yahoo.com/markets/stocks/articles/stanley-blacks-engineered-fastening-growth-183100281.html', 'site': 'finance', 'region': 'US', 'lang': 'en-US'}, 'clickThroughUrl': {'url': 'https://finance.yahoo.com/markets/stocks/articles/stanley-blacks-engineered-fastening-growth-183100281.html', 'site': 'finance', 'region': 'US', 'lang': 'en-US'}, 'metadata': {'editorsPick': False}, 'finance': {'premiumFinance': {'isPremiumNews': False, 'isPremiumFreeNews': False}}, 'storyline': None}"
42e6d5d0-e906-3755-8452-f7fab17f1904,"{'id': '42e6d5d0-e906-3755-8452-f7fab17f1904', 'contentType': 'STORY', 'title': '3 Reasons We Love RBC Bearings (RBC)', 'description': '', 'summary': 'Since June 2021, the S&P 500 has delivered a total return of 74.9%. But one standout stock has more than doubled the market - over the past five years, RBC Bearings has surged 195% to $590.64 per share. Its momentum hasn’t stopped as it’s also gained 35.3% in the last six months thanks to its solid quarterly results, beating the S&P by 27.3%.', 'pubDate': '2026-06-09T14:22:14Z', 'displayTime': '2026-06-09T14:22:14Z', 'isHosted': True, 'bypassModal': False, 'previewUrl': None, 'thumbnail': {'originalUrl': 'https://media.zenfs.com/en/stockstory_922/821934bb96e3fc85d58bac8b61f49afd', 'originalWidth': 1400, 'originalHeight': 700, 'caption': 'RBC Cover Image', 'resolutions': [{'url': 'https://s.yimg.com/uu/api/res/1.2/USvFY2QrWqYPQLX8dARq8Q--~B/aD03MDA7dz0xNDAwO2FwcGlkPXl0YWNoeW9u/https://media.zenfs.com/en/stockstory_922/821934bb96e3fc85d58bac8b61f49afd', 'width': 1400, 'height': 700, 'tag': 'original'}, {'url': 'https://s.yimg.com/uu/api/res/1.2/4ubpzaBv_jhzSA_1MXC_AQ--~B/Zmk9c3RyaW07aD0xMjg7dz0xNzA7YXBwaWQ9eXRhY2h5b24-/https://media.zenfs.com/en/stockstory_922/821934bb96e3fc85d58bac8b61f49afd', 'width': 170, 'height': 128, 'tag': '170x128'}]}, 'provider': {'displayName': 'StockStory', 'url': 'https://stockstory.org/', 'sourceId': 'stockstory_922'}, 'canonicalUrl': {'url': 'https://finance.yahoo.com/markets/stocks/articles/3-reasons-love-rbc-bearings-142214340.html', 'site': 'finance', 'region': 'US', 'lang': 'en-US'}, 'clickThroughUrl': {'url': 'https://finance.yahoo.com/markets/stocks/articles/3-reasons-love-rbc-bearings-142214340.html', 'site': 'finance', 'region': 'US', 'lang': 'en-US'}, 'metadata': {'editorsPick': False}, 'finance': {'premiumFinance': {'isPremiumNews': False, 'isPremiumFreeNews': False}}, 'storyline': None}"
df8a842e-1faf-3f15-8c85-e34af33c9919,"{'id': 'df8a842e-1faf-3f15-8c85-e34af33c9919', 'contentType': 'STORY', 'title': '1 Profitable Stock for Long-Term Investors and 2 Facing Challenges', 'description': '', 'summary': 'Even if a company is profitable, it doesn’t always mean it’s a great investment. Some struggle to maintain growth, face looming threats, or fail to reinvest wisely, limiting their future potential.', 'pubDate': '2026-06-04T18:21:30Z', 'displayTime': '2026-06-04T18:21:30Z', 'isHosted': True, 'bypassModal': False, 'previewUrl': None, 'thumbnail': {'originalUrl': 'https://media.zenfs.com/en/stockstory_922/715d8e5ba623dcf3ab7b1566477f39b5', 'originalWidth': 1400, 'originalHeight': 700, 'caption': 'GCO Cover Image', 'resolutions': [{'url': 'https://s.yimg.com/uu/api/res/1.2/PESfSroRP8A3f5_NVrfL_Q--~B/aD03MDA7dz0xNDAwO2FwcGlkPXl0YWNoeW9u/https://media.zenfs.com/en/stockstory_922/715d8e5ba623dcf3ab7b1566477f39b5', 'width': 1400, 'height': 700, 'tag': 'original'}, {'url': 'https://s.yimg.com/uu/api/res/1.2/7WWlK_gWum._F5lH2l9Mhg--~B/Zmk9c3RyaW07aD0xMjg7dz0xNzA7YXBwaWQ9eXRhY2h5b24-/https://media.zenfs.com/en/stockstory_922/715d8e5ba623dcf3ab7b1566477f39b5', 'width': 170, 'height': 128, 'tag': '170x128'}]}, 'provider': {'displayName': 'StockStory', 'url': 'https://stockstory.org/', 'sourceId': 'stockstory_922'}, 'canonicalUrl': {'url': 'https://finance.yahoo.com/markets/stocks/articles/1-profitable-stock-long-term-182130556.html', 'site': 'finance', 'region': 'US', 'lang': 'en-US'}, 'clickThroughUrl': {'url': 'https://finance.yahoo.com/markets/stocks/articles/1-profitable-stock-long-term-182130556.html', 'site': 'finance', 'region': 'US', 'lang': 'en-US'}, 'metadata': {'editorsPick': False}, 'finance': {'premiumFinance': {'isPremiumNews': False, 'isPremiumFreeNews': False}}, 'storyline': None}"
dfd38544-aaef-3624-bb7e-36ac645bf3c7,"{'id': 'dfd38544-aaef-3624-bb7e-36ac645bf3c7', 'contentType': 'STORY', 'title': 'RBC Bearings (RBC) Surged Amid Geopolitically Volatile Environment', 'description': '', 'summary': 'The Wasatch Long/Short Alpha Fund, managed by Wasatch Global Advisors, has recently published its Q1 2026 investor letter, which is available to download here. A shift in investor sentiment led to a market correction and increased volatility in U.S. small- and mid-cap stocks during the first quarter. Despite this, enthusiasm for AI continued to support […]', 'pubDate': '2026-06-03T14:29:04Z', 'displayTime': '2026-06-03T14:29:04Z', 'isHosted': True, 'bypassModal': False, 'previewUrl': None, 'thumbnail': {'originalUrl': 'https://media.zenfs.com/en/insidermonkey.com/38009317c7595cd66995afdee703c02b', 'originalWidth': 768, 'originalHeight': 430, 'caption': 'Is RBC Bearings Incorporated (RBC) the Top Stock to Buy According to Durable Capital Partners?', 'resolutions': [{'url': 'https://s.yimg.com/uu/api/res/1.2/Gr17w0aW.UHU9A.ispaOlg--~B/aD00MzA7dz03Njg7YXBwaWQ9eXRhY2h5b24-/https://media.zenfs.com/en/insidermonkey.com/38009317c7595cd66995afdee703c02b', 'width': 768, 'height': 430, 'tag': 'original'}, {'url': 'https://s.yimg.com/uu/api/res/1.2/3FSuJIcN73XNLEczGejDHA--~B/Zmk9c3RyaW07aD0xMjg7dz0xNzA7YXBwaWQ9eXRhY2h5b24-/https://media.zenfs.com/en/insidermonkey.com/38009317c7595cd66995afdee703c02b', 'width': 170, 'height': 128, 'tag': '170x128'}]}, 'provider': {'displayName': 'Insider Monkey', 'url': 'http://www.insidermonkey.com', 'sourceId': 'insidermonkey.com'}, 'canonicalUrl': {'url': 'https://finance.yahoo.com/markets/stocks/articles/rbc-bearings-rbc-surged-amid-142904277.html', 'site': 'finance', 'region': 'US', 'lang': 'en-US'}, 'clickThroughUrl': {'url': 'https://finance.yahoo.com/markets/stocks/articles/rbc-bearings-rbc-surged-amid-142904277.html', 'site': 'finance', 'region': 'US', 'lang': 'en-US'}, 'metadata': {'editorsPick': False}, 'finance': {'premiumFinance': {'isPremiumNews': False, 'isPremiumFreeNews': False}}, 'storyline': None}"
c8fee337-f98e-317c-9b20-cfbe3078a72d,"{'id': 'c8fee337-f98e-317c-9b20-cfbe3078a72d', 'contentType': 'STORY', 'title': 'Assessing RBC Bearings (RBC) Valuation After Strong One Year Momentum And Rich P/E Multiple', 'description': '', 'summary': 'RBC Bearings stock snapshot RBC Bearings (RBC) has drawn investor attention after recent trading, with the stock last closing at US$578.34. The move comes against a mixed short term performance, including a gain over the past day and a decline over the past month. See our latest analysis for RBC Bearings. Recent trading has been choppy, with the share price down 2.9% over the past month but up 26.1% year to date, while the 1 year total shareholder return of 54.5% points to strong longer term...', 'pubDate': '2026-06-02T23:11:53Z', 'displayTime': '2026-06-02T23:11:53Z', 'isHosted': True, 'bypassModal': False, 'previewUrl': None, 'thumbnail': {'originalUrl': 'https://media.zenfs.com/en/simply_wall_st__316/4afa9747177650711578ccd57242a6b7', 'originalWidth': 1194, 'originalHeight': 432, 'caption': '', 'resolutions': [{'url': 'https://s.yimg.com/uu/api/res/1.2/q0yRN_h1fYD6SjjSkWx5lg--~B/aD00MzI7dz0xMTk0O2FwcGlkPXl0YWNoeW9u/https://media.zenfs.com/en/simply_wall_st__316/4afa9747177650711578ccd57242a6b7', 'width': 1194, 'height': 432, 'tag': 'original'}, {'url': 'https://s.yimg.com/uu/api/res/1.2/3zlbpC9mEhE8VnSfxPEZ1Q--~B/Zmk9c3RyaW07aD0xMjg7dz0xNzA7YXBwaWQ9eXRhY2h5b24-/https://media.zenfs.com/en/simply_wall_st__316/4afa9747177650711578ccd57242a6b7', 'width': 170, 'height': 128, 'tag': '170x128'}]}, 'provider': {'displayName': 'Simply Wall St.', 'url': 'https://simplywall.st/', 'sourceId': 'simply_wall_st__316'}, 'canonicalUrl': {'url': 'https://finance.yahoo.com/markets/stocks/articles/assessing-rbc-bearings-rbc-valuation-231153816.html', 'site': 'finance', 'region': 'US', 'lang': 'en-US'}, 'clickThroughUrl': {'url': 'https://finance.yahoo.com/markets/stocks/articles/assessing-rbc-bearings-rbc-valuation-231153816.html', 'site': 'finance', 'region': 'US', 'lang': 'en-US'}, 'metadata': {'editorsPick': False}, 'finance': {'premiumFinance': {'isPremiumNews': False, 'isPremiumFreeNews': False}}, 'storyline': None}"
8f801f0c-812d-351a-8232-0794104ee059,"{'id': '8f801f0c-812d-351a-8232-0794104ee059', 'contentType': 'STORY', 'title': 'Donaldson Rewards Shareholders With 6.7% Dividend Increase', 'description': '', 'summary': 'DCI raises its dividend again, extending a decades-long streak of shareholder returns backed by strong cash flow.', 'pubDate': '2026-06-02T16:51:00Z', 'displayTime': '2026-06-02T16:51:00Z', 'isHosted': True, 'bypassModal': False, 'previewUrl': None, 'thumbnail': {'originalUrl': 'https://media.zenfs.com/en/zacks.com/026a08802cd984229bb03e0aefeb2972', 'originalWidth': 635, 'originalHeight': 400, 'caption': '', 'resolutions': [{'url': 'https://s.yimg.com/uu/api/res/1.2/knmT_zhl4W5gMgUMJIEvBg--~B/aD00MDA7dz02MzU7YXBwaWQ9eXRhY2h5b24-/https://media.zenfs.com/en/zacks.com/026a08802cd984229bb03e0aefeb2972', 'width': 635, 'height': 400, 'tag': 'original'}, {'url': 'https://s.yimg.com/uu/api/res/1.2/jP1txTUnqQaNhGXzhWNv8Q--~B/Zmk9c3RyaW07aD0xMjg7dz0xNzA7YXBwaWQ9eXRhY2h5b24-/https://media.zenfs.com/en/zacks.com/026a08802cd984229bb03e0aefeb2972', 'width': 170, 'height': 128, 'tag': '170x128'}]}, 'provider': {'displayName': 'Zacks', 'url': 'http://www.zacks.com/', 'sourceId': 'zacks.com'}, 'canonicalUrl': {'url': 'https://finance.yahoo.com/markets/stocks/articles/donaldson-rewards-shareholders-6-7-165100842.html', 'site': 'finance', 'region': 'US', 'lang': 'en-US'}, 'clickThroughUrl': {'url': 'https://finance.yahoo.com/markets/stocks/articles/donaldson-rewards-shareholders-6-7-165100842.html', 'site': 'finance', 'region': 'US', 'lang': 'en-US'}, 'metadata': {'editorsPick': False}, 'finance': {'premiumFinance': {'isPremiumNews': False, 'isPremiumFreeNews': False}}, 'storyline': None}"
c44b77f9-8f27-30fc-a93a-9d0e76bb1e71,"{'id': 'c44b77f9-8f27-30fc-a93a-9d0e76bb1e71', 'contentType': 'STORY', 'title': 'Canada’s Bank Regulator Cuts Capital Buffer for Big Banks to Spur Lending', 'description': '', 'summary': 'The move aims to boost lending as the government seeks to lure investment to kick-start the economy.', 'pubDate': '2026-06-19T14:40:00Z', 'displayTime': '2026-06-19T14:40:00Z', 'isHosted': False, 'bypassModal': False, 'previewUrl': 'https://finance.yahoo.com/m/c44b77f9-8f27-30fc-a93a-9d0e76bb1e71/canada%E2%80%99s-bank-regulator-cuts.html', 'thumbnail': {'originalUrl': 'https://media.zenfs.com/en/wsj.com/4c7ed50066e4a12ccd5c94912e5c08ca', 'originalWidth': 1280, 'originalHeight': 640, 'caption': '', 'resolutions': [{'url': 'https://s.yimg.com/uu/api/res/1.2/Ax71Ht2PkHTeVDfuYuqgJg--~B/aD02NDA7dz0xMjgwO2FwcGlkPXl0YWNoeW9u/https://media.zenfs.com/en/wsj.com/4c7ed50066e4a12ccd5c94912e5c08ca', 'width': 1280, 'height': 640, 'tag': 'original'}, {'url': 'https://s.yimg.com/uu/api/res/1.2/lJFREE8RKWu1dILpyaRcdQ--~B/Zmk9c3RyaW07aD0xMjg7dz0xNzA7YXBwaWQ9eXRhY2h5b24-/https://media.zenfs.com/en/wsj.com/4c7ed50066e4a12ccd5c94912e5c08ca', 'width': 170, 'height': 128, 'tag': '170x128'}]}, 'provider': {'displayName': 'The Wall Street Journal', 'url': 'http://www.wsj.com/', 'sourceId': 'wsj.com'}, 'canonicalUrl': {'url': 'https://www.wsj.com/finance/regulation/canadas-bank-regulator-cuts-capital-buffer-for-big-banks-to-spur-lending-9c749551?siteid=yhoof2&yptr=yahoo', 'site': 'finance', 'region': 'US', 'lang': 'en-US'}, 'clickThroughUrl': None, 'metadata': {'editorsPick': False}, 'finance': {'premiumFinance': {'isPremiumNews': False, 'isPremiumFreeNews': False}}, 'storyline': None}"
00fb3855-70f9-3173-99be-f18a9dc8c013,"{'id': '00fb3855-70f9-3173-99be-f18a9dc8c013', 'contentType': 'STORY', 'title': 'BMO on The Day Ahead in Canada', 'description': '', 'summary': 'Canada will release retail sales for April at 8:30 a.m. ET on Friday, said Bank of Montreal Economic', 'pubDate': '2026-06-19T12:20:23Z', 'displayTime': '2026-06-19T12:20:23Z', 'isHosted': True, 'bypassModal': False, 'previewUrl': None, 'thumbnail': None, 'provider': {'displayName': 'MT Newswires', 'url': 'https://www.mtnewswires.com/', 'sourceId': 'mt_newswires_premium_news_706'}, 'canonicalUrl': {'url': 'https://finance.yahoo.com/economy/articles/bmo-day-ahead-canada-122023587.html', 'site': 'finance', 'region': 'US', 'lang': 'en-US'}, 'clickThroughUrl': {'url': 'https://finance.yahoo.com/economy/articles/bmo-day-ahead-canada-122023587.html', 'site': 'finance', 'region': 'US', 'lang': 'en-US'}, 'metadata': {'editorsPick': False}, 'finance': {'premiumFinance': {'isPremiumNews': True, 'isPremiumFreeNews': False}}, 'storyline': None}"
7dce17a7-945f-39ad-b4cc-a29332ff5023,"{'id': '7dce17a7-945f-39ad-b4cc-a29332ff5023', 'contentType': 'STORY', 'title': 'Canadian Dollar Hits Low on USMCA Trade Review Concerns, US Dollar Gains From More Hawkish Fed Perception, Says BMO', 'description': '', 'summary': 'The Canadian dollar on Thursday fell to 70.7 US cents, or above $1.413/US dollar, its lowest ebb in', 'pubDate': '2026-06-19T10:47:08Z', 'displayTime': '2026-06-19T10:47:08Z', 'isHosted': True, 'bypassModal': False, 'previewUrl': None, 'thumbnail': None, 'provider': {'displayName': 'MT Newswires', 'url': 'https://www.mtnewswires.com/', 'sourceId': 'mt_newswires_premium_news_706'}, 'canonicalUrl': {'url': 'https://finance.yahoo.com/markets/currencies/articles/canadian-dollar-hits-low-usmca-104708027.html', 'site': 'finance', 'region': 'US', 'lang': 'en-US'}, 'clickThroughUrl': {'url': 'https://finance.yahoo.com/markets/currencies/articles/canadian-dollar-hits-low-usmca-104708027.html', 'site': 'finance', 'region': 'US', 'lang': 'en-US'}, 'metadata': {'editorsPick': False}, 'finance': {'premiumFinance': {'isPremiumNews': True, 'isPremiumFreeNews': False}}, 'storyline': None}"
528719d2-e056-3ff0-9502-e4375c3a57ca,"{'id': '528719d2-e056-3ff0-9502-e4375c3a57ca', 'contentType': 'STORY', 'title': 'How Record Q2 Results And New C$40M Credit Facilities At High Tide (TSXV:HITI) Have Changed Its Investment Story', 'description': '', 'summary': 'High Tide Inc. reported past second-quarter 2026 results with sales of C$179.3 million versus C$137.8 million a year earlier, and reduced its net loss to C$0.197 million while turning a six‑month net income of C$1.01 million from a prior net loss. Alongside this earnings improvement, the company secured credit approval for new C$40 million senior secured facilities with Bank of Montreal and continued expanding its Canna Cabana store network, signaling an emphasis on balance sheet flexibility...', 'pubDate': '2026-06-19T01:12:10Z', 'displayTime': '2026-06-19T01:12:10Z', 'isHosted': True, 'bypassModal': False, 'previewUrl': None, 'thumbnail': {'originalUrl': 'https://media.zenfs.com/en/simply_wall_st__316/fd5474a7eee0c5f442903b68fe63249b', 'originalWidth': 1194, 'originalHeight': 432, 'caption': '', 'resolutions': [{'url': 'https://s.yimg.com/uu/api/res/1.2/TLyt5D16lsSwRjJRVjlUTA--~B/aD00MzI7dz0xMTk0O2FwcGlkPXl0YWNoeW9u/https://media.zenfs.com/en/simply_wall_st__316/fd5474a7eee0c5f442903b68fe63249b', 'width': 1194, 'height': 432, 'tag': 'original'}, {'url': 'https://s.yimg.com/uu/api/res/1.2/PogKoFkj.Bi2muTuZmcSEQ--~B/Zmk9c3RyaW07aD0xMjg7dz0xNzA7YXBwaWQ9eXRhY2h5b24-/https://media.zenfs.com/en/simply_wall_st__316/fd5474a7eee0c5f442903b68fe63249b', 'width': 170, 'height': 128, 'tag': '170x128'}]}, 'provider': {'displayName': 'Simply Wall St.', 'url': 'https://simplywall.st/', 'sourceId': 'simply_wall_st__316'}, 'canonicalUrl': {'url': 'https://finance.yahoo.com/markets/stocks/articles/record-q2-results-c-40m-011210938.html', 'site': 'finance', 'region': 'US', 'lang': 'en-US'}, 'clickThroughUrl': {'url': 'https://finance.yahoo.com/markets/stocks/articles/record-q2-results-c-40m-011210938.html', 'site': 'finance', 'region': 'US', 'lang': 'en-US'}, 'metadata': {'editorsPick': False}, 'finance': {'premiumFinance': {'isPremiumNews': False, 'isPremiumFreeNews': False}}, 'storyline': None}"
6ca90480-b2ff-3c97-8e1b-9cf2e71214cf,"{'id': '6ca90480-b2ff-3c97-8e1b-9cf2e71214cf', 'contentType': 'STORY', 'title': 'Canada\'s Population Pop Continues to ""Fizzle Out,"" BMO Says', 'description': '', 'summary': 'Canada\'s population continued its ""historic"" decline in Q1, Bank of Montreal (BMO) said in a note We', 'pubDate': '2026-06-18T11:22:48Z', 'displayTime': '2026-06-18T11:22:48Z', 'isHosted': True, 'bypassModal': False, 'previewUrl': None, 'thumbnail': None, 'provider': {'displayName': 'MT Newswires', 'url': 'https://www.mtnewswires.com/', 'sourceId': 'mt_newswires_premium_news_706'}, 'canonicalUrl': {'url': 'https://finance.yahoo.com/economy/articles/canada-apos-population-pop-continues-112248311.html', 'site': 'finance', 'region': 'US', 'lang': 'en-US'}, 'clickThroughUrl': {'url': 'https://finance.yahoo.com/economy/articles/canada-apos-population-pop-continues-112248311.html', 'site': 'finance', 'region': 'US', 'lang': 'en-US'}, 'metadata': {'editorsPick': False}, 'finance': {'premiumFinance': {'isPremiumNews': True, 'isPremiumFreeNews': False}}, 'storyline': None}"
31302f61-fbd9-3ace-a945-dd3694e230e2,"{'id': '31302f61-fbd9-3ace-a945-dd3694e230e2', 'contentType': 'STORY', 'title': 'Fed’s Warsh Rocks Bond Market in Debut, Sparks Surge in Rate-Hike Bets', 'description': '', 'summary': '(Bloomberg) -- Traders piled into betting on interest-rate hikes as soon as next month after Kevin Warsh used his debut press conference as Federal Reserve chairman to make clear the central bank won’t tolerate high inflation.Most Read from BloombergRead the 14-Point Draft Memorandum Between the US and IranModi Warns of ‘Shortage of Trust’ Ahead of Trump MeetingTrump Blows Through His Iran Red Lines in Justifying Peace DealIran’s Deputy Foreign Minister Confirms Deal Reached With USApple Plans C', 'pubDate': '2026-06-18T09:34:09Z', 'displayTime': '2026-06-18T09:34:09Z', 'isHosted': True, 'bypassModal': False, 'previewUrl': None, 'thumbnail': None, 'provider': {'displayName': 'Bloomberg', 'url': 'https://www.bloomberg.com/company', 'sourceId': 'bloomberg_holding_pen_162'}, 'canonicalUrl': {'url': 'https://finance.yahoo.com/economy/policy/articles/fed-warsh-rocks-bond-market-093409234.html', 'site': 'finance', 'region': 'US', 'lang': 'en-US'}, 'clickThroughUrl': {'url': 'https://finance.yahoo.com/economy/policy/articles/fed-warsh-rocks-bond-market-093409234.html', 'site': 'finance', 'region': 'US', 'lang': 'en-US'}, 'metadata': {'editorsPick': False}, 'finance': {'premiumFinance': {'isPremiumNews': False, 'isPremiumFreeNews': False}}, 'storyline': None}"
92598e30-080e-34c6-950b-f41fb09c63e7,"{'id': '92598e30-080e-34c6-950b-f41fb09c63e7', 'contentType': 'STORY', 'title': ""Dollarama joins BMO's Blue Rewards program"", 'description': '', 'summary': 'Dollarama customers will earn points on qualifying purchases of $20 or more made with a linked BMO payment card', 'pubDate': '2026-06-17T19:42:31Z', 'displayTime': '2026-06-17T19:42:31Z', 'isHosted': True, 'bypassModal': False, 'previewUrl': None, 'thumbnail': {'originalUrl': 'https://media.zenfs.com/en/financial_post_articles_610/209bd0ba8fbf089dacc32efa3d7deac2', 'originalWidth': 1280, 'originalHeight': 959, 'caption': 'PJT-Dollarama-5.jpg', 'resolutions': [{'url': 'https://s.yimg.com/uu/api/res/1.2/xp2Te6nlhMkVwrmo4OcF3Q--~B/aD05NTk7dz0xMjgwO2FwcGlkPXl0YWNoeW9u/https://media.zenfs.com/en/financial_post_articles_610/209bd0ba8fbf089dacc32efa3d7deac2', 'width': 1280, 'height': 959, 'tag': 'original'}, {'url': 'https://s.yimg.com/uu/api/res/1.2/jBLV79uxc4GlUx_oVF1hvw--~B/Zmk9c3RyaW07aD0xMjg7dz0xNzA7YXBwaWQ9eXRhY2h5b24-/https://media.zenfs.com/en/financial_post_articles_610/209bd0ba8fbf089dacc32efa3d7deac2', 'width': 170, 'height': 128, 'tag': '170x128'}]}, 'provider': {'displayName': 'Financial Post', 'url': 'https://financialpost.com/', 'sourceId': 'financial_post_articles_610'}, 'canonicalUrl': {'url': 'https://financialpost.com/news/retail-marketing/dollarama-joins-bmo-blue-rewards-program', 'site': 'finance', 'region': 'CA', 'lang': 'en-CA'}, 'clickThroughUrl': {'url': 'https://finance.yahoo.com/news/dollarama-joins-bmos-blue-rewards-194231519.html', 'site': 'finance', 'region': 'US', 'lang': 'en-US'}, 'metadata': {'editorsPick': False}, 'finance': {'premiumFinance': {'isPremiumNews': False, 'isPremiumFreeNews': False}}, 'storyline': None}"
bfbfb4ef-6617-37c0-b32b-4acedebdd14a,"{'id': 'bfbfb4ef-6617-37c0-b32b-4acedebdd14a', 'contentType': 'STORY', 'title': 'BMO Capital and Morgan Stanley Take Different Views on Healthpeak Properties (DOC)', 'description': '', 'summary': 'With an annual dividend yield of 6.07%, Healthpeak Properties, Inc. (NYSE:DOC) is included among the 12 Stocks with Highest Dividend to Invest In Now. On June 15, BMO Capital raised its price recommendation on Healthpeak Properties, Inc. (NYSE:DOC) to $24 from $20. It reiterated an Outperform rating on the stock as part of a broader research […]', 'pubDate': '2026-06-17T19:11:07Z', 'displayTime': '2026-06-17T19:11:07Z', 'isHosted': True, 'bypassModal': False, 'previewUrl': None, 'thumbnail': {'originalUrl': 'https://media.zenfs.com/en/insidermonkey.com/d17b469e4d22b842bc7c4a535d257921', 'originalWidth': 1456, 'originalHeight': 816, 'caption': 'BMO Capital and Morgan Stanley Take Different Views on Healthpeak Properties (DOC)', 'resolutions': [{'url': 'https://s.yimg.com/uu/api/res/1.2/_GqLfOBrOCyt.K3evNF.hA--~B/aD04MTY7dz0xNDU2O2FwcGlkPXl0YWNoeW9u/https://media.zenfs.com/en/insidermonkey.com/d17b469e4d22b842bc7c4a535d257921', 'width': 1456, 'height': 816, 'tag': 'original'}, {'url': 'https://s.yimg.com/uu/api/res/1.2/9Drp6EbzCbkS5MyR9pTT5Q--~B/Zmk9c3RyaW07aD0xMjg7dz0xNzA7YXBwaWQ9eXRhY2h5b24-/https://media.zenfs.com/en/insidermonkey.com/d17b469e4d22b842bc7c4a535d257921', 'width': 170, 'height': 128, 'tag': '170x128'}]}, 'provider': {'displayName': 'Insider Monkey', 'url': 'http://www.insidermonkey.com', 'sourceId': 'insidermonkey.com'}, 'canonicalUrl': {'url': 'https://finance.yahoo.com/real-estate/articles/bmo-capital-morgan-stanley-different-191107834.html', 'site': 'finance', 'region': 'US', 'lang': 'en-US'}, 'clickThroughUrl': {'url': 'https://finance.yahoo.com/real-estate/articles/bmo-capital-morgan-stanley-different-191107834.html', 'site': 'finance', 'region': 'US', 'lang': 'en-US'}, 'metadata': {'editorsPick': False}, 'finance': {'premiumFinance': {'isPremiumNews': False, 'isPremiumFreeNews': False}}, 'storyline': None}"
b43538b5-5f08-348c-bc54-cb393a11ff58,"{'id': 'b43538b5-5f08-348c-bc54-cb393a11ff58', 'contentType': 'STORY', 'title': 'Bank of Montreal (TSX:BMO) Stock Could Be 5% Overvalued After Its Recent Run', 'description': '', 'summary': 'Recent share performance has put Bank of Montreal (TSX:BMO) on the radar again, as the stock’s gains over the past month and past 3 months invite a closer look at what is driving investor interest. See our latest analysis for Bank of Montreal. At a current share price of CA$237.17, Bank of Montreal’s recent momentum is clear, with a 30-day share price return of 12.97% and a year-to-date share price return of 30.59%. The 1-year total shareholder return of 69.79% and 3-year total shareholder...', 'pubDate': '2026-06-17T17:09:32Z', 'displayTime': '2026-06-17T17:09:32Z', 'isHosted': True, 'bypassModal': False, 'previewUrl': None, 'thumbnail': {'originalUrl': 'https://media.zenfs.com/en/simply_wall_st__316/804bbc3cccfe101861f6d58ae7c2799b', 'originalWidth': 1194, 'originalHeight': 432, 'caption': '', 'resolutions': [{'url': 'https://s.yimg.com/uu/api/res/1.2/yfuu.S35ATMVFNheQFw27g--~B/aD00MzI7dz0xMTk0O2FwcGlkPXl0YWNoeW9u/https://media.zenfs.com/en/simply_wall_st__316/804bbc3cccfe101861f6d58ae7c2799b', 'width': 1194, 'height': 432, 'tag': 'original'}, {'url': 'https://s.yimg.com/uu/api/res/1.2/Phs84Cv_qUV04aYdQJQF0Q--~B/Zmk9c3RyaW07aD0xMjg7dz0xNzA7YXBwaWQ9eXRhY2h5b24-/https://media.zenfs.com/en/simply_wall_st__316/804bbc3cccfe101861f6d58ae7c2799b', 'width': 170, 'height': 128, 'tag': '170x128'}]}, 'provider': {'displayName': 'Simply Wall St.', 'url': 'https://simplywall.st/', 'sourceId': 'simply_wall_st__316'}, 'canonicalUrl': {'url': 'https://finance.yahoo.com/markets/stocks/articles/bank-montreal-tsx-bmo-stock-170932120.html', 'site': 'finance', 'region': 'US', 'lang': 'en-US'}, 'clickThroughUrl': {'url': 'https://finance.yahoo.com/markets/stocks/articles/bank-montreal-tsx-bmo-stock-170932120.html', 'site': 'finance', 'region': 'US', 'lang': 'en-US'}, 'metadata': {'editorsPick': False}, 'finance': {'premiumFinance': {'isPremiumNews': False, 'isPremiumFreeNews': False}}, 'storyline': None}"
981f86c9-3d5e-37b8-8c86-3434178aea57,"{'id': '981f86c9-3d5e-37b8-8c86-3434178aea57', 'contentType': 'STORY', 'title': ""Toronto's Housing Is No Longer Detached From Reality, Says BMO"", 'description': '', 'summary': 'After correcting for four long years, there are signs of a bottom in at least one segment of the Gre', 'pubDate': '2026-06-17T13:26:12Z', 'displayTime': '2026-06-17T13:26:12Z', 'isHosted': True, 'bypassModal': False, 'previewUrl': None, 'thumbnail': None, 'provider': {'displayName': 'MT Newswires', 'url': 'https://www.mtnewswires.com/', 'sourceId': 'mt_newswires_premium_news_706'}, 'canonicalUrl': {'url': 'https://finance.yahoo.com/real-estate/articles/toronto-apos-housing-no-longer-132612407.html', 'site': 'finance', 'region': 'US', 'lang': 'en-US'}, 'clickThroughUrl': {'url': 'https://finance.yahoo.com/real-estate/articles/toronto-apos-housing-no-longer-132612407.html', 'site': 'finance', 'region': 'US', 'lang': 'en-US'}, 'metadata': {'editorsPick': False}, 'finance': {'premiumFinance': {'isPremiumNews': True, 'isPremiumFreeNews': False}}, 'storyline': None}"
